market_id,title,subtitle,event_ticker,series_ticker,status,close_time,expiration_time,yes_ask,yes_bid,last_price,volume
KXMVESPORTSMULTIGAMEEXTENDED-S202691E0ED7F177-AB36F1B33FF,"yes Cameron Young,yes Justin Rose,yes Ludvig Aberg,yes Matt Fitzpatrick,yes Scottie Scheffler,yes Xander Schauffele",,KXMVESPORTSMULTIGAMEEXTENDED-S202691E0ED7F177,,active,2026-05-10 23:00:00+00:00,2026-05-10 23:00:00+00:00,,,,
KXMVESPORTSMULTIGAMEEXTENDED-S2026394F51E2EF9-EA406D061B7,"yes Miami,yes Cody Bellinger: 1+,yes Giancarlo Stanton: 2+,yes Corbin Carroll: 2+,yes Francisco Lindor: 1+,yes Bobby Witt Jr.: 2+",,KXMVESPORTSMULTIGAMEEXTENDED-S2026394F51E2EF9,,active,2026-04-12 14:00:00+00:00,2026-04-12 14:00:00+00:00,,,,
KXMVECROSSCATEGORY-S20263158B600288-E7A94414692,"yes New York Y,yes New York M,yes San Diego,yes Paul George: 2+,yes New York,yes Chicago,yes Golden State,yes Toronto,yes Houston,yes Kevin Durant: 2+,yes Kelly Oubre Jr.: 2+,yes Paul George: 2+,yes CAR Hurricanes,yes OTT Senators,yes ANA Ducks,yes NYI Islanders,yes LA Kings,yes VGK Golden Knights",,KXMVECROSSCATEGORY-S20263158B600288,,active,2026-04-12 14:00:00+00:00,2026-04-12 14:00:00+00:00,,,,
KXMVECROSSCATEGORY-S20262C0E284C8D5-0746C811EB0,"no Max Meyer: 10+,no Miami wins by over 3.5 runs,no Over 11.5 runs scored",,KXMVECROSSCATEGORY-S20262C0E284C8D5,,active,2026-04-12 14:00:00+00:00,2026-04-12 14:00:00+00:00,,,,
KXMVECROSSCATEGORY-S20263EE75E6A978-1D45A4EB109,"yes Toronto wins by over 4.5 points,no Over 246.5 points scored,no Over 227.5 points scored",,KXMVECROSSCATEGORY-S20263EE75E6A978,,active,2026-04-23 23:00:00+00:00,2026-04-23 23:00:00+00:00,,,,
KXMVESPORTSMULTIGAMEEXTENDED-S2026E92E83598D0-B90C6CD0958,"yes Over 2.5 runs scored,yes Over 3.5 runs scored,yes Over 3.5 runs scored,yes Over 3.5 runs scored,yes Over 4.5 runs scored,yes Over 3.5 runs scored,yes Jalen Brunson: 20+,yes Andrew Wiggins: 10+,yes Bam Adebayo: 15+,yes Tyler Herro: 15+,yes Immanuel Quickley: 10+,yes Scottie Barnes: 10+",,KXMVESPORTSMULTIGAMEEXTENDED-S2026E92E83598D0,,active,2026-04-12 14:00:00+00:00,2026-04-12 14:00:00+00:00,,,,
KXMVESPORTSMULTIGAMEEXTENDED-S2026AA0EE7D1AD5-80406AEFCC2,"no Over 232.5 points scored,no Over 252.5 points scored,no Over 239.5 points scored,no Over 240.5 points scored,no Over 251.5 points scored,no Over 240.5 points scored,yes Over 3.5 goals scored,yes Over 3.5 goals scored",,KXMVESPORTSMULTIGAMEEXTENDED-S2026AA0EE7D1AD5,,active,2026-04-23 23:30:00+00:00,2026-04-23 23:30:00+00:00,,,,
KXMVESPORTSMULTIGAMEEXTENDED-S2026B0AB7A429B9-21CBB7E14B7,"yes Ryan Weathers: 3+,yes Jack Flaherty: 3+",,KXMVESPORTSMULTIGAMEEXTENDED-S2026B0AB7A429B9,,active,2026-04-12 14:00:00+00:00,2026-04-12 14:00:00+00:00,,,,
KXMVECROSSCATEGORY-S2026656AAA37B72-7E6226F8B7E,"yes Jayson Tatum: 2+,yes Jalen Brunson: 4+,yes Bub Carrington: 2+,yes VJ Edgecombe: 2+,yes Jayson Tatum: 15+,yes Mikal Bridges: 10+,yes OG Anunoby: 10+,yes LeBron James: 15+,yes Andrew Wiggins: 10+,yes Scottie Barnes: 10+,yes Jabari Smith Jr.: 10+,yes Kevin Durant: 20+,yes VJ Edgecombe: 10+,yes Jayson Tatum: 6+,yes OG Anunoby: 2+,yes Draymond Green: 2+,yes LeBron James: 4+,yes Andrew Wiggins: 2+,yes RJ Barrett: 2+,yes Scottie Barnes: 4+,yes Alperen Sengun: 6+,yes VJ Edgecombe: 2+",,KXMVECROSSCATEGORY-S2026656AAA37B72,,active,2026-04-23 23:30:00+00:00,2026-04-23 23:30:00+00:00,,,,
KXMVESPORTSMULTIGAMEEXTENDED-S2026DC44DDDF4D9-944046C9174,"yes Davion Mitchell: 2+,yes Immanuel Quickley: 2+,yes Alperen Sengun: 2+,yes Amen Thompson: 2+,yes Tyrese Maxey: 4+,yes OG Anunoby: 2+,yes Jarace Walker: 2+,yes Draymond Green: 2+,yes LeBron James: 4+,yes Andrew Wiggins: 2+,yes Tyler Herro: 2+,yes Immanuel Quickley: 2+,yes Jakob Poeltl: 4+,yes RJ Barrett: 2+,yes Kevin Durant: 2+,yes Kelly Oubre Jr.: 2+,yes Paul George: 2+,yes VJ Edgecombe: 2+,yes Bryson DeChambeau,yes Cameron Young,yes Hideki Matsuyama,yes Jon Rahm,yes Matt Fitzpatrick,yes Rory McIlroy,yes Scottie Scheffler,yes Tommy Fleetwood,yes Xander Schauffele",,KXMVESPORTSMULTIGAMEEXTENDED-S2026DC44DDDF4D9,,active,2026-04-23 23:00:00+00:00,2026-04-23 23:00:00+00:00,,,,
KXMVECROSSCATEGORY-S20262C0E284C8D5-CA0D6D1BEC2,"yes Max Meyer: 10+,no Miami wins by over 3.5 runs,no Over 11.5 runs scored",,KXMVECROSSCATEGORY-S20262C0E284C8D5,,active,2026-04-12 14:00:00+00:00,2026-04-12 14:00:00+00:00,,,,
KXMVESPORTSMULTIGAMEEXTENDED-S20267E2B69E66CB-883614AE0A9,"no Over 232.5 points scored,no Over 252.5 points scored,no Over 239.5 points scored,no Over 240.5 points scored,no Over 251.5 points scored,no Over 240.5 points scored,yes Over 3.5 goals scored",,KXMVESPORTSMULTIGAMEEXTENDED-S20267E2B69E66CB,,active,2026-04-23 23:30:00+00:00,2026-04-23 23:30:00+00:00,,,,
KXMVESPORTSMULTIGAMEEXTENDED-S2026B7010BA2E88-4A5A8A71283,"yes Davion Mitchell: 2+,yes Immanuel Quickley: 2+,yes Alperen Sengun: 2+,yes Amen Thompson: 2+,yes Tyrese Maxey: 4+,yes OG Anunoby: 2+,yes Jarace Walker: 2+,yes Draymond Green: 2+,yes LeBron James: 4+,yes Andrew Wiggins: 2+,yes Tyler Herro: 2+,yes Immanuel Quickley: 2+,yes Jakob Poeltl: 4+,yes RJ Barrett: 2+,yes Kevin Durant: 2+,yes Kelly Oubre Jr.: 2+,yes Paul George: 2+,yes VJ Edgecombe: 2+,yes Bryson DeChambeau,yes Hideki Matsuyama,yes Jon Rahm,yes Matt Fitzpatrick,yes Rory McIlroy,yes Scottie Scheffler,yes Tommy Fleetwood,yes Xander Schauffele",,KXMVESPORTSMULTIGAMEEXTENDED-S2026B7010BA2E88,,active,2026-04-23 23:00:00+00:00,2026-04-23 23:00:00+00:00,,,,
KXMVECROSSCATEGORY-S20260C35ADB1938-7511C9BE078,"yes Andrew Wiggins: 15+,yes Davion Mitchell: 10+,yes Jakob Poeltl: 10+,yes RJ Barrett: 15+,yes Chicago wins by over 15.5 points",,KXMVECROSSCATEGORY-S20260C35ADB1938,,active,2026-04-23 23:00:00+00:00,2026-04-23 23:00:00+00:00,,,,
KXMVESPORTSMULTIGAMEEXTENDED-S20269E2E90CAAD1-D9E4A3FDC81,"yes Norman Powell: 1+,yes Bam Adebayo: 2+,yes Tyler Herro: 2+,yes Immanuel Quickley: 4+,yes Bilal Coulibaly: 10+,yes Norman Powell: 15+,yes Jakob Poeltl: 10+,yes Scottie Barnes: 10+,yes Karl-Anthony Towns: 8+,yes Mikal Bridges: 4+,yes Andrew Wiggins: 2+,yes Bam Adebayo: 10+,yes Tyler Herro: 2+,yes RJ Barrett: 2+,yes Scottie Barnes: 6+,no Boston wins by over 2.5 points,yes Chicago wins by over 3.5 points,no Brooklyn wins by over 1.5 points,yes Toronto wins by over 7.5 points,no Over 249.5 points scored,no Over 227.5 points scored",,KXMVESPORTSMULTIGAMEEXTENDED-S20269E2E90CAAD1,,active,2026-04-23 23:00:00+00:00,2026-04-23 23:00:00+00:00,,,,
KXMVESPORTSMULTIGAMEEXTENDED-S20263D3ECE1FA29-EFB0001914A,"yes Davion Mitchell: 2+,yes Immanuel Quickley: 2+,yes Alperen Sengun: 2+,yes Amen Thompson: 2+,yes Tyrese Maxey: 4+,yes OG Anunoby: 2+,yes Jarace Walker: 2+,yes Draymond Green: 2+,yes LeBron James: 4+,yes Andrew Wiggins: 2+,yes Tyler Herro: 2+,yes Immanuel Quickley: 2+,yes Jakob Poeltl: 4+,yes RJ Barrett: 2+,yes Kevin Durant: 2+,yes Kelly Oubre Jr.: 2+,yes Paul George: 2+,yes VJ Edgecombe: 2+,yes Hideki Matsuyama,yes Jon Rahm,yes Matt Fitzpatrick,yes Rory McIlroy,yes Scottie Scheffler,yes Tommy Fleetwood,yes Xander Schauffele",,KXMVESPORTSMULTIGAMEEXTENDED-S20263D3ECE1FA29,,active,2026-04-23 23:00:00+00:00,2026-04-23 23:00:00+00:00,,,,
KXMVECROSSCATEGORY-S2026CF52A95D136-B57BBC6C3FB,"yes Mikal Bridges: 10+,yes Jalen Brunson: 3+",,KXMVECROSSCATEGORY-S2026CF52A95D136,,active,2026-04-23 23:30:00+00:00,2026-04-23 23:30:00+00:00,,,,
KXMVESPORTSMULTIGAMEEXTENDED-S2026A563E05C9EF-6C575386BCD,"yes Davion Mitchell: 2+,yes Immanuel Quickley: 2+,yes Alperen Sengun: 2+,yes Amen Thompson: 2+,yes Tyrese Maxey: 4+,yes OG Anunoby: 2+,yes Jarace Walker: 2+,yes Draymond Green: 2+,yes LeBron James: 4+,yes Andrew Wiggins: 2+,yes Tyler Herro: 2+,yes Immanuel Quickley: 2+,yes Jakob Poeltl: 4+,yes RJ Barrett: 2+,yes Kevin Durant: 2+,yes Kelly Oubre Jr.: 2+,yes Paul George: 2+,yes VJ Edgecombe: 2+,yes Hideki Matsuyama,yes Jon Rahm,yes Matt Fitzpatrick,yes Scottie Scheffler,yes Tommy Fleetwood,yes Xander Schauffele",,KXMVESPORTSMULTIGAMEEXTENDED-S2026A563E05C9EF,,active,2026-04-23 23:00:00+00:00,2026-04-23 23:00:00+00:00,,,,
KXMVECROSSCATEGORY-S20263EC488E8B4C-B601329D62B,"yes New York,yes Chicago,yes Brooklyn,yes Golden State,yes Toronto,yes Houston,yes LeBron James: 15+,yes Norman Powell: 15+,yes Scottie Barnes: 10+,yes Kevin Durant: 20+,yes Paul George: 15+,yes Tyrese Maxey: 15+",,KXMVECROSSCATEGORY-S20263EC488E8B4C,,active,2026-04-23 23:30:00+00:00,2026-04-23 23:30:00+00:00,,,,
KXMVESPORTSMULTIGAMEEXTENDED-S202667E6579798E-4BD987640DF,"yes New York Y,yes Detroit,yes San Diego,yes CAR Hurricanes,yes BUF Sabres,yes OTT Senators,yes NYI Islanders,no Dallas wins by over 1.5 goals,no Utah wins by over 1.5 goals,no Detroit wins by over 1.5 goals,no New Jersey wins by over 1.5 goals,no Anaheim wins by over 1.5 goals,no St. Louis wins by over 1.5 goals",,KXMVESPORTSMULTIGAMEEXTENDED-S202667E6579798E,,active,2026-04-12 14:00:00+00:00,2026-04-12 14:00:00+00:00,,,,
KXMVESPORTSMULTIGAMEEXTENDED-S20261F092A9AD84-419A90386FF,"yes Davion Mitchell: 2+,yes Immanuel Quickley: 2+,yes Alperen Sengun: 2+,yes Amen Thompson: 2+,yes Tyrese Maxey: 4+,yes OG Anunoby: 2+,yes Jarace Walker: 2+,yes Draymond Green: 2+,yes LeBron James: 4+,yes Andrew Wiggins: 2+,yes Tyler Herro: 2+,yes Immanuel Quickley: 2+,yes Jakob Poeltl: 4+,yes RJ Barrett: 2+,yes Kevin Durant: 2+,yes Kelly Oubre Jr.: 2+,yes Paul George: 2+,yes VJ Edgecombe: 2+,yes Jon Rahm,yes Matt Fitzpatrick,yes Scottie Scheffler,yes Tommy Fleetwood,yes Xander Schauffele",,KXMVESPORTSMULTIGAMEEXTENDED-S20261F092A9AD84,,active,2026-04-23 23:00:00+00:00,2026-04-23 23:00:00+00:00,,,,
KXMVECROSSCATEGORY-S2026AAB51219407-5FDA7481FEB,"yes New York Y,yes New York M,yes San Diego,yes Paul George: 2+,yes New York,yes Chicago,yes Golden State,yes Toronto,yes Houston,yes Kevin Durant: 2+,yes Kelly Oubre Jr.: 2+,yes Paul George: 2+,yes CAR Hurricanes,yes COL Avalanche,yes OTT Senators,yes ANA Ducks,yes NYI Islanders,yes LA Kings,yes VGK Golden Knights",,KXMVECROSSCATEGORY-S2026AAB51219407,,active,2026-04-12 14:00:00+00:00,2026-04-12 14:00:00+00:00,,,,
KXMVESPORTSMULTIGAMEEXTENDED-S2026DE7D35E9EFA-ADB9D8BA740,"yes Davion Mitchell: 2+,yes Immanuel Quickley: 2+,yes Alperen Sengun: 2+,yes Amen Thompson: 2+,yes Tyrese Maxey: 4+,yes OG Anunoby: 2+,yes Jarace Walker: 2+,yes Draymond Green: 2+,yes LeBron James: 4+,yes Andrew Wiggins: 2+,yes Tyler Herro: 2+,yes Immanuel Quickley: 2+,yes Jakob Poeltl: 4+,yes RJ Barrett: 2+,yes Kevin Durant: 2+,yes Kelly Oubre Jr.: 2+,yes Paul George: 2+,yes VJ Edgecombe: 2+,yes Jon Rahm,yes Scottie Scheffler,yes Tommy Fleetwood,yes Xander Schauffele",,KXMVESPORTSMULTIGAMEEXTENDED-S2026DE7D35E9EFA,,active,2026-04-23 23:00:00+00:00,2026-04-23 23:00:00+00:00,,,,
KXMVESPORTSMULTIGAMEEXTENDED-S202614374BFB1A4-A54838C5096,"yes Kevin Durant: 25+,yes Tyrese Maxey: 20+,yes VJ Edgecombe: 10+",,KXMVESPORTSMULTIGAMEEXTENDED-S202614374BFB1A4,,active,2026-04-24 00:00:00+00:00,2026-04-24 00:00:00+00:00,,,,
KXMVESPORTSMULTIGAMEEXTENDED-S2026A06C3CEA295-EF7A8B37A79,"yes Davion Mitchell: 2+,yes Immanuel Quickley: 2+,yes Alperen Sengun: 2+,yes Amen Thompson: 2+,yes Tyrese Maxey: 4+,yes OG Anunoby: 2+,yes Jarace Walker: 2+,yes Draymond Green: 2+,yes LeBron James: 4+,yes Andrew Wiggins: 2+,yes Tyler Herro: 2+,yes Immanuel Quickley: 2+,yes Jakob Poeltl: 4+,yes RJ Barrett: 2+,yes Kevin Durant: 2+,yes Kelly Oubre Jr.: 2+,yes Paul George: 2+,yes VJ Edgecombe: 2+,yes Jon Rahm,yes Scottie Scheffler,yes Xander Schauffele",,KXMVESPORTSMULTIGAMEEXTENDED-S2026A06C3CEA295,,active,2026-04-23 23:00:00+00:00,2026-04-23 23:00:00+00:00,,,,
KXMVESPORTSMULTIGAMEEXTENDED-S20269BBE19A917B-A132A72FA35,"yes Over 6.5 runs scored,yes Milan wins by over 2.5 goals",,KXMVESPORTSMULTIGAMEEXTENDED-S20269BBE19A917B,,active,2026-04-12 14:00:00+00:00,2026-04-12 14:00:00+00:00,,,,
KXMVESPORTSMULTIGAMEEXTENDED-S2026AA0EE7D1AD5-90D8563C1F7,"no Over 232.5 points scored,no Over 252.5 points scored,no Over 239.5 points scored,no Over 240.5 points scored,no Over 251.5 points scored,no Over 240.5 points scored,yes Over 4.5 goals scored,yes Over 3.5 goals scored",,KXMVESPORTSMULTIGAMEEXTENDED-S2026AA0EE7D1AD5,,active,2026-04-23 23:30:00+00:00,2026-04-23 23:30:00+00:00,,,,
KXMVESPORTSMULTIGAMEEXTENDED-S202628430F154D4-06752AE81DD,"yes CAR Hurricanes,yes CBJ Blue Jackets,yes COL Avalanche,yes DAL Stars,yes NSH Predators,yes PHI Flyers,yes PIT Penguins,yes SJ Sharks,yes TB Lightning,yes NYI Islanders,yes LA Kings,yes VGK Golden Knights,yes WPG Jets",,KXMVESPORTSMULTIGAMEEXTENDED-S202628430F154D4,,active,2026-04-24 00:30:00+00:00,2026-04-24 00:30:00+00:00,,,,
KXMVESPORTSMULTIGAMEEXTENDED-S20267C1E6F07FA5-7826C1F78B3,"yes Over 214.5 points scored,no Over 246.5 points scored,no Over 224.5 points scored,no Over 239.5 points scored",,KXMVESPORTSMULTIGAMEEXTENDED-S20267C1E6F07FA5,,active,2026-04-23 23:30:00+00:00,2026-04-23 23:30:00+00:00,,,,
KXMVECROSSCATEGORY-S2026515BC973BC9-FEF5FFCA512,"yes Over 2.5 runs scored,yes Tyler Herro: 1+",,KXMVECROSSCATEGORY-S2026515BC973BC9,,active,2026-04-12 14:00:00+00:00,2026-04-12 14:00:00+00:00,,,,
KXMVECROSSCATEGORY-S2026A905FC03641-DADBD49691B,"no Golden State wins by over 11.5 points,yes Scottie Scheffler",,KXMVECROSSCATEGORY-S2026A905FC03641,,active,2026-04-24 02:00:00+00:00,2026-04-24 02:00:00+00:00,,,,
KXMVESPORTSMULTIGAMEEXTENDED-S202677470CBE2EE-DFC96645899,"no Over 232.5 points scored,no Over 252.5 points scored,no Over 239.5 points scored,no Over 240.5 points scored,no Over 251.5 points scored,no Over 240.5 points scored,yes Over 4.5 goals scored",,KXMVESPORTSMULTIGAMEEXTENDED-S202677470CBE2EE,,active,2026-04-23 23:30:00+00:00,2026-04-23 23:30:00+00:00,,,,
KXMVECROSSCATEGORY-S202621BCC71F5B2-E3867C8F6E6,"yes LeBron James: 6+,yes Deandre Ayton: 10+,yes LeBron James: 20+,yes Deandre Ayton: 8+,yes Golden State wins by over 2.5 points,no Over 240.5 points scored",,KXMVECROSSCATEGORY-S202621BCC71F5B2,,active,2026-04-24 02:00:00+00:00,2026-04-24 02:00:00+00:00,,,,
KXMVESPORTSMULTIGAMEEXTENDED-S202602050D01807-8BB82A99990,"yes Davion Mitchell: 2+,yes Immanuel Quickley: 2+,yes Alperen Sengun: 2+,yes Amen Thompson: 2+,yes Tyrese Maxey: 4+,yes OG Anunoby: 2+,yes Jarace Walker: 2+,yes Draymond Green: 2+,yes LeBron James: 4+,yes Andrew Wiggins: 2+,yes Tyler Herro: 2+,yes Immanuel Quickley: 2+,yes Jakob Poeltl: 4+,yes RJ Barrett: 2+,yes Kevin Durant: 2+,yes Kelly Oubre Jr.: 2+,yes Paul George: 2+,yes VJ Edgecombe: 2+,yes Jon Rahm,yes Scottie Scheffler",,KXMVESPORTSMULTIGAMEEXTENDED-S202602050D01807,,active,2026-04-23 23:00:00+00:00,2026-04-23 23:00:00+00:00,,,,
KXMVESPORTSMULTIGAMEEXTENDED-S20263AA82B4F5D2-2BCEAF29219,"yes Davion Mitchell: 2+,yes Immanuel Quickley: 2+,yes Alperen Sengun: 2+,yes Amen Thompson: 2+,yes Tyrese Maxey: 4+,yes OG Anunoby: 2+,yes Jarace Walker: 2+,yes Draymond Green: 2+,yes LeBron James: 4+,yes Andrew Wiggins: 2+,yes Tyler Herro: 2+,yes Immanuel Quickley: 2+,yes Jakob Poeltl: 4+,yes RJ Barrett: 2+,yes Kevin Durant: 2+,yes Kelly Oubre Jr.: 2+,yes Paul George: 2+,yes VJ Edgecombe: 2+,yes Scottie Scheffler",,KXMVESPORTSMULTIGAMEEXTENDED-S20263AA82B4F5D2,,active,2026-04-23 23:00:00+00:00,2026-04-23 23:00:00+00:00,,,,
KXMVESPORTSMULTIGAMEEXTENDED-S2026FE9DCEDABCB-593FE5086C6,"yes Jayson Tatum: 2+,yes Kevin Durant: 2+,yes Joel Embiid: 1+,yes Tyrese Maxey: 2+,yes Tyrese Maxey: 4+,yes Jayson Tatum: 15+,yes Kevin Durant: 20+,yes Paul George: 10+,yes Tyrese Maxey: 15+,yes Jayson Tatum: 6+",,KXMVESPORTSMULTIGAMEEXTENDED-S2026FE9DCEDABCB,,active,2026-04-23 23:30:00+00:00,2026-04-23 23:30:00+00:00,,,,
KXMVECROSSCATEGORY-S20266B0B64E3025-68B94214C6A,"yes Cincinnati,yes New York Y,yes Detroit,yes Arizona,yes Kansas City,yes San Diego,yes New York,yes Chicago,yes Miami,yes Philadelphia",,KXMVECROSSCATEGORY-S20266B0B64E3025,,active,2026-04-12 14:00:00+00:00,2026-04-12 14:00:00+00:00,,,,
KXMVESPORTSMULTIGAMEEXTENDED-S2026193F7EA6176-A1D49C8703D,"yes Jalen Brunson: 1+,yes Tyrese Maxey: 1+,yes LeBron James: 6+,yes Immanuel Quickley: 2+,yes VJ Edgecombe: 2+,yes Toronto,yes Jayson Tatum: 15+,yes OG Anunoby: 2+,yes Scottie Barnes: 4+,yes Chicago wins by over 9.5 points,yes Over 226.5 points scored",,KXMVESPORTSMULTIGAMEEXTENDED-S2026193F7EA6176,,active,2026-04-23 23:30:00+00:00,2026-04-23 23:30:00+00:00,,,,
KXMVESPORTSMULTIGAMEEXTENDED-S2026A9CF5D78F2C-C062B320646,"yes Indiana,no Houston wins by over 10.5 points",,KXMVESPORTSMULTIGAMEEXTENDED-S2026A9CF5D78F2C,,active,2026-04-23 23:30:00+00:00,2026-04-23 23:30:00+00:00,,,,
KXMVESPORTSMULTIGAMEEXTENDED-S2026C03DC7B713B-E9C6B53E828,"yes Jon Rahm,yes Scottie Scheffler,yes Xander Schauffele,yes Min Woo Lee,yes Nicolai Hojgaard",,KXMVESPORTSMULTIGAMEEXTENDED-S2026C03DC7B713B,,active,2026-04-27 02:00:00+00:00,2026-04-27 02:00:00+00:00,,,,
KXMVESPORTSMULTIGAMEEXTENDED-S20261FD2981533E-6294F7E4CAD,"yes Bryson DeChambeau,yes Ludvig Aberg,yes Maverick McNealy",,KXMVESPORTSMULTIGAMEEXTENDED-S20261FD2981533E,,active,2026-04-27 02:00:00+00:00,2026-04-27 02:00:00+00:00,,,,
KXMVESPORTSMULTIGAMEEXTENDED-S202629DAEC94F01-2B84AC945B8,"yes Joel Embiid: 1+,yes Jalen Brunson: 8+,yes Jayson Tatum: 25+,yes Alperen Sengun: 15+,yes Jayson Tatum: 8+,yes Joel Embiid: 8+",,KXMVESPORTSMULTIGAMEEXTENDED-S202629DAEC94F01,,active,2026-04-24 00:00:00+00:00,2026-04-24 00:00:00+00:00,,,,
KXMVECROSSCATEGORY-S202642D6AB98708-FE1D31FCAE0,"yes Tyler Herro: 1+,yes Bilal Coulibaly: 10+,yes Norman Powell: 15+,yes Scottie Barnes: 10+,yes Bam Adebayo: 10+,yes Scottie Barnes: 4+",,KXMVECROSSCATEGORY-S202642D6AB98708,,active,2026-04-23 23:00:00+00:00,2026-04-23 23:00:00+00:00,,,,
KXMVECROSSCATEGORY-S2026B3200EB36E3-1EA6C9E42DC,"yes Aaron Judge: 1+,yes Byron Buxton: 1+,yes Bobby Witt Jr.: 1+,no Cincinnati wins by over 3.5 runs,no Arizona wins by over 3.5 runs,no San Diego wins by over 3.5 runs,yes Over 4.5 runs scored,yes Over 5.5 runs scored",,KXMVECROSSCATEGORY-S2026B3200EB36E3,,active,2026-04-12 14:00:00+00:00,2026-04-12 14:00:00+00:00,,,,
KXMVECROSSCATEGORY-S2026C6B5EFD4C1A-04CE889F43B,"yes Bryson DeChambeau,yes Jon Rahm,yes Ludvig Aberg,yes Robert MacIntyre",,KXMVECROSSCATEGORY-S2026C6B5EFD4C1A,,active,2026-04-26 23:00:00+00:00,2026-04-26 23:00:00+00:00,,,,
KXMVESPORTSMULTIGAMEEXTENDED-S202699C3B3DBE93-B39715F1EAD,"yes Jalen Brunson: 2+,yes OG Anunoby: 2+,yes LeBron James: 2+,yes Norman Powell: 2+,yes Tyler Herro: 2+,yes Kevin Durant: 1+,yes Reed Sheppard: 2+,yes Tyrese Maxey: 2+,yes Immanuel Quickley: 2+,yes Jakob Poeltl: 4+,yes RJ Barrett: 2+,yes Scottie Barnes: 4+",,KXMVESPORTSMULTIGAMEEXTENDED-S202699C3B3DBE93,,active,2026-04-23 23:30:00+00:00,2026-04-23 23:30:00+00:00,,,,
KXMVESPORTSMULTIGAMEEXTENDED-S20269A0F00B696E-854D1833317,"yes New York Y,yes Detroit,yes San Diego,yes CAR Hurricanes,yes BUF Sabres,yes OTT Senators,yes NYI Islanders,no Dallas wins by over 1.5 goals,no Utah wins by over 1.5 goals,no Detroit wins by over 1.5 goals,no New Jersey wins by over 1.5 goals,no St. Louis wins by over 1.5 goals",,KXMVESPORTSMULTIGAMEEXTENDED-S20269A0F00B696E,,active,2026-04-12 14:00:00+00:00,2026-04-12 14:00:00+00:00,,,,
KXMVECROSSCATEGORY-S202604CACEE25D6-6E39A74E1AA,"yes Jabari Smith Jr.: 10+,yes Kevin Durant: 20+,yes Reed Sheppard: 10+,yes Paul George: 10+",,KXMVECROSSCATEGORY-S202604CACEE25D6,,active,2026-04-24 00:00:00+00:00,2026-04-24 00:00:00+00:00,,,,
KXMVECROSSCATEGORY-S20264C1EC51CD79-66B548D4EE7,"yes Houston,yes Over 225.5 points scored",,KXMVECROSSCATEGORY-S20264C1EC51CD79,,active,2026-04-24 00:00:00+00:00,2026-04-24 00:00:00+00:00,,,,
KXMVESPORTSMULTIGAMEEXTENDED-S2026EC6AB5B24EA-FC4235E91C5,"yes Jayson Tatum: 15+,yes Karl-Anthony Towns: 15+,yes Paul George: 10+,yes Draymond Green: 2+,no Over 254.5 points scored",,KXMVESPORTSMULTIGAMEEXTENDED-S2026EC6AB5B24EA,,active,2026-04-23 23:30:00+00:00,2026-04-23 23:30:00+00:00,,,,
KXMVESPORTSMULTIGAMEEXTENDED-S20261AE91F834C4-EE1787564FF,"yes LeBron James: 1+,yes Kevin Durant: 1+,yes Reed Sheppard: 1+,yes Tyrese Maxey: 1+,yes Jalen Brunson: 4+,yes Josh Hart: 2+,yes Bub Carrington: 2+,yes Davion Mitchell: 2+,yes Immanuel Quickley: 2+,yes Alperen Sengun: 2+,yes Amen Thompson: 2+,yes Kevin Durant: 2+,yes VJ Edgecombe: 2+,yes Jayson Tatum: 15+,yes Jalen Brunson: 20+,yes LeBron James: 15+,yes Scottie Barnes: 10+,yes Kevin Durant: 20+,yes Tyrese Maxey: 15+,yes Jarace Walker: 2+,yes Draymond Green: 4+,yes Deandre Ayton: 4+,yes Andrew Wiggins: 2+,yes RJ Barrett: 2+,yes Scottie Barnes: 4+,yes Kevin Durant: 2+,yes VJ Edgecombe: 2+",,KXMVESPORTSMULTIGAMEEXTENDED-S20261AE91F834C4,,active,2026-04-24 02:00:00+00:00,2026-04-24 02:00:00+00:00,,,,
KXMVECROSSCATEGORY-S20266BE821748E9-E4649E47CDF,"yes Tyler Herro: 2+,yes Jakob Poeltl: 2+,yes Andrew Wiggins: 10+,yes Jakob Poeltl: 10+",,KXMVECROSSCATEGORY-S20266BE821748E9,,active,2026-04-23 23:00:00+00:00,2026-04-23 23:00:00+00:00,,,,
KXMVECROSSCATEGORY-S2026E635696913D-E51A7AEF2EA,"yes Jabari Smith Jr.: 10+,yes Kevin Durant: 20+,yes Paul George: 10+",,KXMVECROSSCATEGORY-S2026E635696913D,,active,2026-04-24 00:00:00+00:00,2026-04-24 00:00:00+00:00,,,,
KXMVECROSSCATEGORY-S202674339FA469E-879526BE700,"yes Andrew Wiggins: 15+,yes Davion Mitchell: 10+,yes Jakob Poeltl: 10+,yes RJ Barrett: 15+,yes Chicago wins by over 15.5 points,yes Over 246.5 points scored",,KXMVECROSSCATEGORY-S202674339FA469E,,active,2026-04-23 23:00:00+00:00,2026-04-23 23:00:00+00:00,,,,
KXMVESPORTSMULTIGAMEEXTENDED-S2026BFFD87B5451-CFA86C2C796,"yes Jake Knapp,yes Jon Rahm,yes Russell Henley,yes Xander Schauffele",,KXMVESPORTSMULTIGAMEEXTENDED-S2026BFFD87B5451,,active,2026-04-26 23:00:00+00:00,2026-04-26 23:00:00+00:00,,,,
KXMVECROSSCATEGORY-S20264817DBA2C24-C697C1C2EE0,"no Elly De La Cruz: 3+,no Max Meyer: 8+,no Miami wins by over 3.5 runs,no Over 11.5 runs scored",,KXMVECROSSCATEGORY-S20264817DBA2C24,,active,2026-04-12 14:00:00+00:00,2026-04-12 14:00:00+00:00,,,,
KXMVESPORTSMULTIGAMEEXTENDED-S2026C884AAEE523-9610530962E,"yes Miami,yes New York Y,yes Detroit,yes New York M,yes Kansas City,yes San Diego,yes Over 7.5 runs scored,no Over 8.5 runs scored,yes Over 8.5 runs scored,yes Over 7.5 runs scored,no Over 9.5 runs scored,yes Over 7.5 runs scored",,KXMVESPORTSMULTIGAMEEXTENDED-S2026C884AAEE523,,active,2026-04-12 14:00:00+00:00,2026-04-12 14:00:00+00:00,,,,
KXMVESPORTSMULTIGAMEEXTENDED-S20269CEF5D558F2-905D237B86B,"yes Jalen Brunson: 1+,yes Mikal Bridges: 1+,yes Jayson Tatum: 2+,yes Josh Hart: 2+,yes Davion Mitchell: 2+,yes Immanuel Quickley: 2+,yes Chicago,yes Toronto,yes Immanuel Quickley: 2+,yes RJ Barrett: 2+",,KXMVESPORTSMULTIGAMEEXTENDED-S20269CEF5D558F2,,active,2026-04-23 23:30:00+00:00,2026-04-23 23:30:00+00:00,,,,
KXMVESPORTSMULTIGAMEEXTENDED-S20264A04F905648-FC28F2C864D,"yes Jalen Brunson: 2+,yes OG Anunoby: 2+,yes LeBron James: 2+,yes Norman Powell: 2+,yes Tyler Herro: 2+,yes Kevin Durant: 1+,yes Reed Sheppard: 2+,yes Tyrese Maxey: 2+,yes Immanuel Quickley: 2+,yes RJ Barrett: 2+,yes Scottie Barnes: 4+",,KXMVESPORTSMULTIGAMEEXTENDED-S20264A04F905648,,active,2026-04-23 23:30:00+00:00,2026-04-23 23:30:00+00:00,,,,
KXMVECROSSCATEGORY-S202610C5D3C7182-796248069FE,"yes Bryson DeChambeau,yes Jon Rahm,yes Robert MacIntyre",,KXMVECROSSCATEGORY-S202610C5D3C7182,,active,2026-04-26 23:00:00+00:00,2026-04-26 23:00:00+00:00,,,,
KXMVESPORTSMULTIGAMEEXTENDED-S2026AA0EE7D1AD5-CE9B9516AB9,"no Over 232.5 points scored,no Over 252.5 points scored,no Over 239.5 points scored,no Over 240.5 points scored,no Over 251.5 points scored,no Over 240.5 points scored,yes Over 4.5 goals scored,yes Over 4.5 goals scored",,KXMVESPORTSMULTIGAMEEXTENDED-S2026AA0EE7D1AD5,,active,2026-04-23 23:30:00+00:00,2026-04-23 23:30:00+00:00,,,,
KXMVECROSSCATEGORY-S202622BE484C2C5-F1A46AB0443,"yes New York Y,yes San Diego,yes Chicago,yes Toronto",,KXMVECROSSCATEGORY-S202622BE484C2C5,,active,2026-04-12 14:00:00+00:00,2026-04-12 14:00:00+00:00,,,,
KXMVECROSSCATEGORY-S202621BCC71F5B2-A2FC7564D47,"yes LeBron James: 6+,yes Deandre Ayton: 10+,yes LeBron James: 20+,yes Deandre Ayton: 8+,yes Golden State wins by over 2.5 points,no Over 231.5 points scored",,KXMVECROSSCATEGORY-S202621BCC71F5B2,,active,2026-04-24 02:00:00+00:00,2026-04-24 02:00:00+00:00,,,,
KXMVECROSSCATEGORY-S202638EADA28832-F7EEFAB8FE5,"yes Los Angeles L,yes Philadelphia,yes LeBron James: 30+,yes Tyrese Maxey: 30+,no Philadelphia wins by over 5.5 points",,KXMVECROSSCATEGORY-S202638EADA28832,,active,2026-04-24 02:00:00+00:00,2026-04-24 02:00:00+00:00,,,,
KXMVECROSSCATEGORY-S2026ADBAF072BB8-20DFFFC5896,"yes New York Y,yes San Diego,yes Toronto",,KXMVECROSSCATEGORY-S2026ADBAF072BB8,,active,2026-04-12 14:00:00+00:00,2026-04-12 14:00:00+00:00,,,,
KXMVESPORTSMULTIGAMEEXTENDED-S20266FCCBE1418E-606C22387AD,"yes New York Y,yes Detroit,yes San Diego,yes CAR Hurricanes,yes BUF Sabres,yes OTT Senators,yes NYI Islanders,no Utah wins by over 1.5 goals,no Detroit wins by over 1.5 goals,no New Jersey wins by over 1.5 goals,no St. Louis wins by over 1.5 goals",,KXMVESPORTSMULTIGAMEEXTENDED-S20266FCCBE1418E,,active,2026-04-12 14:00:00+00:00,2026-04-12 14:00:00+00:00,,,,
KXMVESPORTSMULTIGAMEEXTENDED-S20266CC2378F33D-4D8598DC54C,"yes Jalen Brunson: 1+,yes Mikal Bridges: 1+,yes Josh Hart: 2+,yes Davion Mitchell: 2+,yes Immanuel Quickley: 2+,yes Chicago,yes Toronto,yes Immanuel Quickley: 2+,yes RJ Barrett: 2+",,KXMVESPORTSMULTIGAMEEXTENDED-S20266CC2378F33D,,active,2026-04-23 23:30:00+00:00,2026-04-23 23:30:00+00:00,,,,
KXMVECROSSCATEGORY-S202672960927C1C-BAA4C760319,"yes Jayson Tatum: 2+,yes Jalen Brunson: 4+,yes Immanuel Quickley: 2+,yes Jayson Tatum: 15+,yes Karl-Anthony Towns: 15+,yes Norman Powell: 15+,yes Jakob Poeltl: 10+,yes Scottie Barnes: 10+,no Over 220.5 points scored",,KXMVECROSSCATEGORY-S202672960927C1C,,active,2026-04-23 23:30:00+00:00,2026-04-23 23:30:00+00:00,,,,
KXMVESPORTSMULTIGAMEEXTENDED-S202676CACA19BFC-BDB713B2340,"yes Jalen Brunson: 2+,yes OG Anunoby: 2+,yes LeBron James: 2+,yes Norman Powell: 2+,yes Tyler Herro: 2+,yes Kevin Durant: 1+,yes Reed Sheppard: 2+,yes Tyrese Maxey: 2+,yes RJ Barrett: 2+,yes Scottie Barnes: 4+",,KXMVESPORTSMULTIGAMEEXTENDED-S202676CACA19BFC,,active,2026-04-23 23:30:00+00:00,2026-04-23 23:30:00+00:00,,,,
KXMVESPORTSMULTIGAMEEXTENDED-S2026ED553A6E632-89A6E86A1A4,"yes Cincinnati,yes New York Y,yes Detroit,yes Arizona,yes Kansas City,yes San Diego,yes Kevin Durant: 25+,yes Paul George: 15+",,KXMVESPORTSMULTIGAMEEXTENDED-S2026ED553A6E632,,active,2026-04-12 14:00:00+00:00,2026-04-12 14:00:00+00:00,,,,
KXMVESPORTSMULTIGAMEEXTENDED-S2026B945C437CFE-51066C2B24B,"yes Jon Rahm,yes Scottie Scheffler,yes Xander Schauffele,yes Cameron Young,yes Min Woo Lee,yes Nicolai Hojgaard",,KXMVESPORTSMULTIGAMEEXTENDED-S2026B945C437CFE,,active,2026-04-27 02:00:00+00:00,2026-04-27 02:00:00+00:00,,,,
KXMVECROSSCATEGORY-S2026F302FC79E4F-88AE2742DF9,"yes New York,yes Chicago,yes Brooklyn,yes Golden State,yes Toronto,yes Houston,yes Norman Powell: 15+,yes Scottie Barnes: 10+,yes Kevin Durant: 20+,yes Paul George: 15+,yes Tyrese Maxey: 15+",,KXMVECROSSCATEGORY-S2026F302FC79E4F,,active,2026-04-23 23:30:00+00:00,2026-04-23 23:30:00+00:00,,,,
KXMVESPORTSMULTIGAMEEXTENDED-S2026B45BAB9B0C8-1419D2ADEC1,"yes Miami,yes Giancarlo Stanton: 2+,yes Corbin Carroll: 2+,yes Francisco Lindor: 1+,yes Bobby Witt Jr.: 2+",,KXMVESPORTSMULTIGAMEEXTENDED-S2026B45BAB9B0C8,,active,2026-04-12 14:00:00+00:00,2026-04-12 14:00:00+00:00,,,,
KXMVECROSSCATEGORY-S202621BCC71F5B2-7092F0039D6,"yes LeBron James: 6+,yes Deandre Ayton: 10+,yes LeBron James: 20+,yes Deandre Ayton: 8+,yes Golden State wins by over 2.5 points,no Over 228.5 points scored",,KXMVECROSSCATEGORY-S202621BCC71F5B2,,active,2026-04-24 02:00:00+00:00,2026-04-24 02:00:00+00:00,,,,
KXMVESPORTSMULTIGAMEEXTENDED-S20267E0C10CB7A0-DF02F83DB1F,"yes Kevin Durant: 1+,yes Reed Sheppard: 1+,yes Tyrese Maxey: 1+,yes Jalen Brunson: 4+,yes Josh Hart: 2+,yes Bub Carrington: 2+,yes Davion Mitchell: 2+,yes Immanuel Quickley: 2+,yes Alperen Sengun: 2+,yes Amen Thompson: 2+,yes Kevin Durant: 2+,yes VJ Edgecombe: 2+,yes Jayson Tatum: 15+,yes Jalen Brunson: 20+,yes LeBron James: 15+,yes Scottie Barnes: 10+,yes Kevin Durant: 20+,yes Tyrese Maxey: 15+,yes Jarace Walker: 2+,yes Draymond Green: 4+,yes Deandre Ayton: 4+,yes Andrew Wiggins: 2+,yes RJ Barrett: 2+,yes Scottie Barnes: 4+,yes Kevin Durant: 2+,yes VJ Edgecombe: 2+",,KXMVESPORTSMULTIGAMEEXTENDED-S20267E0C10CB7A0,,active,2026-04-24 00:00:00+00:00,2026-04-24 00:00:00+00:00,,,,
KXMVESPORTSMULTIGAMEEXTENDED-S202614123091D32-BC55CEF8A6D,"yes Minnesota,yes CAR Hurricanes,yes CBJ Blue Jackets,yes COL Avalanche,yes FLA Panthers,yes DAL Stars,yes NSH Predators,yes PHI Flyers,yes PIT Penguins,yes SJ Sharks,yes TB Lightning,yes NYI Islanders,yes LA Kings,yes VGK Golden Knights,yes WPG Jets",,KXMVESPORTSMULTIGAMEEXTENDED-S202614123091D32,,active,2026-04-12 14:00:00+00:00,2026-04-12 14:00:00+00:00,,,,
KXMVESPORTSMULTIGAMEEXTENDED-S202608CCA771D3A-ED31D188F58,"yes Miami,yes New York Y,yes Detroit,yes New York M,yes San Diego,yes Over 7.5 runs scored,no Over 8.5 runs scored,yes Over 8.5 runs scored,yes Over 7.5 runs scored,no Over 9.5 runs scored,yes Over 7.5 runs scored",,KXMVESPORTSMULTIGAMEEXTENDED-S202608CCA771D3A,,active,2026-04-12 14:00:00+00:00,2026-04-12 14:00:00+00:00,,,,
KXMVESPORTSMULTIGAMEEXTENDED-S2026791F041FA3C-272D33CE5DD,"yes Cincinnati,yes New York Y,yes Detroit,yes Arizona,yes Kansas City,yes San Diego,yes Kevin Durant: 25+",,KXMVESPORTSMULTIGAMEEXTENDED-S2026791F041FA3C,,active,2026-04-12 14:00:00+00:00,2026-04-12 14:00:00+00:00,,,,
KXMVECROSSCATEGORY-S2026D9BBA4F5B39-C33398C6607,"no Over 10.5 runs scored,yes Over 8.5 runs scored",,KXMVECROSSCATEGORY-S2026D9BBA4F5B39,,active,2026-04-12 14:00:00+00:00,2026-04-12 14:00:00+00:00,,,,
KXMVECROSSCATEGORY-S20264F6053BE0B2-A3D791A431A,"no Elly De La Cruz: 3+,no Rhett Lowder: 6+,no Max Meyer: 8+,no Miami wins by over 3.5 runs,no Over 11.5 runs scored",,KXMVECROSSCATEGORY-S20264F6053BE0B2,,active,2026-04-12 14:00:00+00:00,2026-04-12 14:00:00+00:00,,,,
KXMVESPORTSMULTIGAMEEXTENDED-S2026E388DB4E7D2-01AC5AD2841,"yes Jalen Brunson: 2+,yes OG Anunoby: 2+,yes LeBron James: 2+,yes Norman Powell: 2+,yes Tyler Herro: 2+,yes Kevin Durant: 1+,yes Reed Sheppard: 2+,yes Tyrese Maxey: 2+,yes Scottie Barnes: 4+",,KXMVESPORTSMULTIGAMEEXTENDED-S2026E388DB4E7D2,,active,2026-04-23 23:30:00+00:00,2026-04-23 23:30:00+00:00,,,,
KXMVESPORTSMULTIGAMEEXTENDED-S2026EF02C8030D0-7ECDD4A7923,"yes Tyler Herro: 4+,yes Jakob Poeltl: 2+,yes Jakob Poeltl: 10+,yes Immanuel Quickley: 4+",,KXMVESPORTSMULTIGAMEEXTENDED-S2026EF02C8030D0,,active,2026-04-23 23:00:00+00:00,2026-04-23 23:00:00+00:00,,,,
KXMVESPORTSMULTIGAMEEXTENDED-S20267E2B69E66CB-BC2717914EF,"no Over 232.5 points scored,no Over 252.5 points scored,no Over 239.5 points scored,no Over 240.5 points scored,no Over 251.5 points scored,no Over 240.5 points scored,yes Over 4.5 goals scored",,KXMVESPORTSMULTIGAMEEXTENDED-S20267E2B69E66CB,,active,2026-04-23 23:30:00+00:00,2026-04-23 23:30:00+00:00,,,,
KXMVESPORTSMULTIGAMEEXTENDED-S20262F4871846A7-88FD9134C63,"yes New York Y,yes Detroit,yes San Diego,yes CAR Hurricanes,yes BUF Sabres,yes OTT Senators,yes NYI Islanders,no Detroit wins by over 1.5 goals,no New Jersey wins by over 1.5 goals,no St. Louis wins by over 1.5 goals",,KXMVESPORTSMULTIGAMEEXTENDED-S20262F4871846A7,,active,2026-04-12 14:00:00+00:00,2026-04-12 14:00:00+00:00,,,,
KXMVECROSSCATEGORY-S20264F6053BE0B2-8857D09B1D3,"no Elly De La Cruz: 3+,no Rhett Lowder: 6+,yes Max Meyer: 8+,no Miami wins by over 3.5 runs,no Over 11.5 runs scored",,KXMVECROSSCATEGORY-S20264F6053BE0B2,,active,2026-04-12 14:00:00+00:00,2026-04-12 14:00:00+00:00,,,,
KXMVESPORTSMULTIGAMEEXTENDED-S2026293F971ED5D-1FC71F13A40,"yes Jalen Brunson: 1+,yes Jayson Tatum: 20+,yes Jalen Brunson: 20+,yes Karl-Anthony Towns: 15+,yes Alperen Sengun: 15+,yes Kevin Durant: 20+",,KXMVESPORTSMULTIGAMEEXTENDED-S2026293F971ED5D,,active,2026-04-23 23:30:00+00:00,2026-04-23 23:30:00+00:00,,,,
KXMVESPORTSMULTIGAMEEXTENDED-S20262975462D436-2C1B87AC35F,"yes Jalen Brunson: 1+,yes Boston,yes Jayson Tatum: 15+,yes Jalen Brunson: 20+,yes Over 214.5 points scored",,KXMVESPORTSMULTIGAMEEXTENDED-S20262975462D436,,active,2026-04-23 23:30:00+00:00,2026-04-23 23:30:00+00:00,,,,
KXMVECROSSCATEGORY-S20263C9E9CA9443-FDAD64754BF,"yes Boston,yes Chicago,yes Indiana,yes Los Angeles L,yes Philadelphia,yes Cleveland,yes Boston",,KXMVECROSSCATEGORY-S20263C9E9CA9443,,active,2026-04-23 23:30:00+00:00,2026-04-23 23:30:00+00:00,,,,
KXMVESPORTSMULTIGAMEEXTENDED-S20261FD2981533E-C42A09EBE15,"yes Jake Knapp,yes Jon Rahm,yes Xander Schauffele",,KXMVESPORTSMULTIGAMEEXTENDED-S20261FD2981533E,,active,2026-04-26 23:00:00+00:00,2026-04-26 23:00:00+00:00,,,,
KXMVECROSSCATEGORY-S20260885A0AE5C0-5CA4965E1F0,"yes Cincinnati,yes New York Y,yes Detroit,yes Arizona,yes Kansas City,yes San Diego,yes New York,yes Indiana,yes Miami,yes Philadelphia",,KXMVECROSSCATEGORY-S20260885A0AE5C0,,active,2026-04-12 14:00:00+00:00,2026-04-12 14:00:00+00:00,,,,
KXMVESPORTSMULTIGAMEEXTENDED-S20269F97D4C156F-379ADC248E3,"yes COL Avalanche,yes OTT Senators,yes NYI Islanders,yes Over 4.5 goals scored",,KXMVESPORTSMULTIGAMEEXTENDED-S20269F97D4C156F,,active,2026-04-24 01:00:00+00:00,2026-04-24 01:00:00+00:00,,,,
KXMVESPORTSMULTIGAMEEXTENDED-S2026B20AC90DAD4-8CA53A62F6C,"yes New York Y,yes Rory McIlroy",,KXMVESPORTSMULTIGAMEEXTENDED-S2026B20AC90DAD4,,active,2026-04-12 14:00:00+00:00,2026-04-12 14:00:00+00:00,,,,
KXMVECROSSCATEGORY-S202642220DA727A-D4EDBD0F48F,"yes Alperen Sengun: 6+,yes Los Angeles L,yes Philadelphia,yes LeBron James: 30+,yes Tyrese Maxey: 30+,no Philadelphia wins by over 5.5 points",,KXMVECROSSCATEGORY-S202642220DA727A,,active,2026-04-24 00:00:00+00:00,2026-04-24 00:00:00+00:00,,,,
KXMVECROSSCATEGORY-S20266BE821748E9-30E5DC016A8,"yes Tyler Herro: 2+,yes Tyler Herro: 2+,yes Andrew Wiggins: 10+,yes Jakob Poeltl: 10+",,KXMVECROSSCATEGORY-S20266BE821748E9,,active,2026-04-23 23:00:00+00:00,2026-04-23 23:00:00+00:00,,,,
KXMVECROSSCATEGORY-S2026BD75E0DF0CC-070DC3D72B1,"yes Jayson Tatum: 2+,yes Jalen Brunson: 4+,yes Immanuel Quickley: 2+,yes Jayson Tatum: 15+,yes Karl-Anthony Towns: 15+,yes Norman Powell: 15+,yes Scottie Barnes: 10+,no Over 220.5 points scored",,KXMVECROSSCATEGORY-S2026BD75E0DF0CC,,active,2026-04-23 23:30:00+00:00,2026-04-23 23:30:00+00:00,,,,
KXMVESPORTSMULTIGAMEEXTENDED-S20264D30D5270D4-55DFB7E895C,"yes Kevin Durant: 1+,yes Reed Sheppard: 1+,yes Tyrese Maxey: 1+,yes Jalen Brunson: 4+,yes Josh Hart: 2+,yes Bub Carrington: 2+,yes Davion Mitchell: 2+,yes Immanuel Quickley: 2+,yes Alperen Sengun: 2+,yes Amen Thompson: 2+,yes Kevin Durant: 2+,yes VJ Edgecombe: 2+,yes Jayson Tatum: 15+,yes Jalen Brunson: 20+,yes LeBron James: 15+,yes Scottie Barnes: 10+,yes Kevin Durant: 20+,yes Tyrese Maxey: 15+,yes Jarace Walker: 2+,yes Draymond Green: 4+,yes Andrew Wiggins: 2+,yes RJ Barrett: 2+,yes Scottie Barnes: 4+,yes Kevin Durant: 2+,yes VJ Edgecombe: 2+",,KXMVESPORTSMULTIGAMEEXTENDED-S20264D30D5270D4,,active,2026-04-24 00:00:00+00:00,2026-04-24 00:00:00+00:00,,,,
KXMVECROSSCATEGORY-S2026F750B1681F3-36DB1429421,"yes Miami,yes New York Y,yes Kansas City,yes San Diego,yes OTT Senators,yes NYI Islanders",,KXMVECROSSCATEGORY-S2026F750B1681F3,,active,2026-04-12 14:00:00+00:00,2026-04-12 14:00:00+00:00,,,,
KXMVESPORTSMULTIGAMEEXTENDED-S2026DF01D4DBC55-49E6EA745C7,"yes Carlos Alcaraz,yes LeBron James: 15+,yes Tyrese Maxey: 15+,yes Deandre Ayton: 6+,yes LeBron James: 4+,yes RJ Barrett: 2+",,KXMVESPORTSMULTIGAMEEXTENDED-S2026DF01D4DBC55,,active,2026-04-23 11:20:00+00:00,2026-04-23 11:20:00+00:00,,,,
KXMVECROSSCATEGORY-S20264F6053BE0B2-1550DAA774A,"no Elly De La Cruz: 3+,yes Rhett Lowder: 6+,yes Max Meyer: 8+,no Miami wins by over 3.5 runs,no Over 11.5 runs scored",,KXMVECROSSCATEGORY-S20264F6053BE0B2,,active,2026-04-12 14:00:00+00:00,2026-04-12 14:00:00+00:00,,,,
KXMVESPORTSMULTIGAMEEXTENDED-S2026398AE8DE17C-6F415CDD8AC,"yes Jalen Brunson: 6+,yes Kevin Durant: 20+,yes Joel Embiid: 8+,yes NYI Islanders,no Buffalo wins by over 2.5 goals",,KXMVESPORTSMULTIGAMEEXTENDED-S2026398AE8DE17C,,active,2026-04-23 23:30:00+00:00,2026-04-23 23:30:00+00:00,,,,
KXMVESPORTSMULTIGAMEEXTENDED-S20263699C1DC358-23C11E861E3,"yes Jayson Tatum: 2+,yes Kevin Durant: 2+,yes Joel Embiid: 1+,yes Tyrese Maxey: 2+,yes Tyrese Maxey: 4+,yes Jayson Tatum: 15+,yes Kevin Durant: 20+,yes Paul George: 10+,yes Tyrese Maxey: 15+",,KXMVESPORTSMULTIGAMEEXTENDED-S20263699C1DC358,,active,2026-04-23 23:30:00+00:00,2026-04-23 23:30:00+00:00,,,,
KXMVECROSSCATEGORY-S2026D9BBA4F5B39-CBDC15A5C4F,"no Over 11.5 runs scored,yes Over 8.5 runs scored",,KXMVECROSSCATEGORY-S2026D9BBA4F5B39,,active,2026-04-12 14:00:00+00:00,2026-04-12 14:00:00+00:00,,,,
KXMVESPORTSMULTIGAMEEXTENDED-S2026DCA9F9FA168-A8AB8AD0D76,"yes New York Y,yes Detroit,yes San Diego,yes BUF Sabres,yes OTT Senators,yes NYI Islanders,no Detroit wins by over 1.5 goals,no New Jersey wins by over 1.5 goals,no St. Louis wins by over 1.5 goals",,KXMVESPORTSMULTIGAMEEXTENDED-S2026DCA9F9FA168,,active,2026-04-12 14:00:00+00:00,2026-04-12 14:00:00+00:00,,,,
KXMVECROSSCATEGORY-S20264817DBA2C24-AA464E31B1D,"no Elly De La Cruz: 3+,yes Max Meyer: 8+,no Miami wins by over 3.5 runs,no Over 11.5 runs scored",,KXMVECROSSCATEGORY-S20264817DBA2C24,,active,2026-04-12 14:00:00+00:00,2026-04-12 14:00:00+00:00,,,,
KXMVESPORTSMULTIGAMEEXTENDED-S20268F3D2C05952-92E5654242A,"yes Jalen Brunson: 1+,yes Jayson Tatum: 20+,yes Jalen Brunson: 20+,yes Karl-Anthony Towns: 15+,yes Alperen Sengun: 15+,yes Kevin Durant: 20+,yes Joel Embiid: 25+",,KXMVESPORTSMULTIGAMEEXTENDED-S20268F3D2C05952,,active,2026-04-23 23:30:00+00:00,2026-04-23 23:30:00+00:00,,,,
KXMVESPORTSMULTIGAMEEXTENDED-S2026C3DB48B7D93-77EB3D09765,"yes Jayson Tatum: 15+,yes Jalen Brunson: 20+,yes Mikal Bridges: 10+,yes Bam Adebayo: 15+,yes Norman Powell: 15+,yes Tyler Herro: 15+,yes Scottie Barnes: 10+",,KXMVESPORTSMULTIGAMEEXTENDED-S2026C3DB48B7D93,,active,2026-04-23 23:30:00+00:00,2026-04-23 23:30:00+00:00,,,,
KXMVECROSSCATEGORY-S20261667C7B1D23-7A68E5BDBC8,"yes Aaron Judge: 1+,yes Byron Buxton: 1+,yes Bobby Witt Jr.: 1+,yes Vinnie Pasquantino: 1+,no Cincinnati wins by over 3.5 runs,no Arizona wins by over 3.5 runs,no San Diego wins by over 3.5 runs,yes Over 4.5 runs scored,yes Over 5.5 runs scored",,KXMVECROSSCATEGORY-S20261667C7B1D23,,active,2026-04-12 14:00:00+00:00,2026-04-12 14:00:00+00:00,,,,
KXMVESPORTSMULTIGAMEEXTENDED-S20264D30D5270D4-C49563776D2,"yes Kevin Durant: 1+,yes Reed Sheppard: 1+,yes Tyrese Maxey: 1+,yes Jalen Brunson: 4+,yes Josh Hart: 2+,yes Bub Carrington: 2+,yes Davion Mitchell: 2+,yes Immanuel Quickley: 2+,yes Alperen Sengun: 2+,yes Amen Thompson: 2+,yes Kevin Durant: 2+,yes VJ Edgecombe: 2+,yes Jayson Tatum: 15+,yes Jalen Brunson: 20+,yes LeBron James: 15+,yes Scottie Barnes: 10+,yes Kevin Durant: 20+,yes Tyrese Maxey: 15+,yes Jarace Walker: 2+,yes Draymond Green: 2+,yes Andrew Wiggins: 2+,yes RJ Barrett: 2+,yes Scottie Barnes: 4+,yes Kevin Durant: 2+,yes VJ Edgecombe: 2+",,KXMVESPORTSMULTIGAMEEXTENDED-S20264D30D5270D4,,active,2026-04-24 00:00:00+00:00,2026-04-24 00:00:00+00:00,,,,
KXMVESPORTSMULTIGAMEEXTENDED-S202630C0E7CE2D9-D69E8E06B16,"yes Andrew Wiggins: 10+,yes Immanuel Quickley: 10+,yes RJ Barrett: 15+,yes Scottie Barnes: 15+",,KXMVESPORTSMULTIGAMEEXTENDED-S202630C0E7CE2D9,,active,2026-04-23 23:00:00+00:00,2026-04-23 23:00:00+00:00,,,,
KXMVECROSSCATEGORY-S2026F6FC539658E-716610B7470,"yes Bam Adebayo: 20+,yes Immanuel Quickley: 10+,yes Jakob Poeltl: 10+,yes RJ Barrett: 15+,yes Scottie Barnes: 10+",,KXMVECROSSCATEGORY-S2026F6FC539658E,,active,2026-04-23 23:00:00+00:00,2026-04-23 23:00:00+00:00,,,,
KXMVECROSSCATEGORY-S2026235F53C4134-99CF193FB93,"yes Boston,yes Chicago,yes Indiana,yes Los Angeles L,yes Philadelphia,yes Cleveland",,KXMVECROSSCATEGORY-S2026235F53C4134,,active,2026-04-23 23:30:00+00:00,2026-04-23 23:30:00+00:00,,,,
KXMVECROSSCATEGORY-S20267CA7C1D491C-0ACEDFEEB7D,"yes Bam Adebayo: 20+,yes Immanuel Quickley: 10+,yes Jakob Poeltl: 10+,yes RJ Barrett: 15+",,KXMVECROSSCATEGORY-S20267CA7C1D491C,,active,2026-04-23 23:00:00+00:00,2026-04-23 23:00:00+00:00,,,,
KXMVESPORTSMULTIGAMEEXTENDED-S2026D85D9645A57-9D8419C1A64,"yes Jayson Tatum: 4+,yes LeBron James: 6+,yes New York,yes Toronto,yes Houston,yes Jayson Tatum: 20+,yes Karl-Anthony Towns: 15+,yes OG Anunoby: 10+,yes LeBron James: 20+,yes RJ Barrett: 15+,yes Amen Thompson: 15+,yes Kevin Durant: 20+,yes Tyrese Maxey: 15+,yes VJ Edgecombe: 10+,yes Jayson Tatum: 8+,yes LeBron James: 6+,yes Joel Embiid: 6+",,KXMVESPORTSMULTIGAMEEXTENDED-S2026D85D9645A57,,active,2026-04-23 23:30:00+00:00,2026-04-23 23:30:00+00:00,,,,
KXMVESPORTSMULTIGAMEEXTENDED-S20268881266244A-222CBBD0905,"yes Adam Scott,yes Akshay Bhatia,yes Bubba Watson,yes Cameron Young,yes Justin Rose,yes Ludvig Aberg,yes Matt Fitzpatrick",,KXMVESPORTSMULTIGAMEEXTENDED-S20268881266244A,,active,2026-04-26 23:00:00+00:00,2026-04-26 23:00:00+00:00,,,,
KXMVESPORTSMULTIGAMEEXTENDED-S2026CA972A481D4-7B35BCC2007,"yes Jayson Tatum: 25+,yes Jalen Brunson: 20+,yes Karl-Anthony Towns: 12+",,KXMVESPORTSMULTIGAMEEXTENDED-S2026CA972A481D4,,active,2026-04-23 23:30:00+00:00,2026-04-23 23:30:00+00:00,,,,
KXMVESPORTSMULTIGAMEEXTENDED-S2026BD6E52A77D9-71FAC30AF09,"yes Miami,yes New York Y,yes Detroit,yes San Diego,yes Over 7.5 runs scored,no Over 8.5 runs scored,yes Over 8.5 runs scored,yes Over 7.5 runs scored,no Over 9.5 runs scored,yes Over 7.5 runs scored",,KXMVESPORTSMULTIGAMEEXTENDED-S2026BD6E52A77D9,,active,2026-04-12 14:00:00+00:00,2026-04-12 14:00:00+00:00,,,,
KXMVECROSSCATEGORY-S202659F33DF761A-C490A42675D,"yes Jayson Tatum: 2+,yes Jalen Brunson: 4+,yes Immanuel Quickley: 2+,yes Jayson Tatum: 15+,yes Karl-Anthony Towns: 15+,yes Norman Powell: 15+,no Over 220.5 points scored",,KXMVECROSSCATEGORY-S202659F33DF761A,,active,2026-04-23 23:30:00+00:00,2026-04-23 23:30:00+00:00,,,,
KXMVESPORTSMULTIGAMEEXTENDED-S20262F430B32651-7AEFDFA84BB,"yes Kevin Durant: 1+,yes Reed Sheppard: 1+,yes Tyrese Maxey: 1+,yes Jalen Brunson: 4+,yes Josh Hart: 2+,yes Bub Carrington: 2+,yes Davion Mitchell: 2+,yes Immanuel Quickley: 2+,yes Alperen Sengun: 2+,yes Amen Thompson: 2+,yes Kevin Durant: 2+,yes VJ Edgecombe: 2+,yes Jayson Tatum: 15+,yes Jalen Brunson: 20+,yes LeBron James: 15+,yes Scottie Barnes: 10+,yes Kevin Durant: 20+,yes Tyrese Maxey: 15+,yes Jarace Walker: 2+,yes Andrew Wiggins: 2+,yes RJ Barrett: 2+,yes Scottie Barnes: 4+,yes Kevin Durant: 2+,yes VJ Edgecombe: 2+",,KXMVESPORTSMULTIGAMEEXTENDED-S20262F430B32651,,active,2026-04-24 00:00:00+00:00,2026-04-24 00:00:00+00:00,,,,
KXMVECROSSCATEGORY-S2026C17A519585D-AE5037D4012,"yes New York,yes Chicago,yes Brooklyn,yes Golden State,yes Toronto,yes Houston,yes Norman Powell: 15+,yes Scottie Barnes: 10+,yes Paul George: 15+,yes Tyrese Maxey: 15+",,KXMVECROSSCATEGORY-S2026C17A519585D,,active,2026-04-23 23:30:00+00:00,2026-04-23 23:30:00+00:00,,,,
KXMVECROSSCATEGORY-S202621BCC71F5B2-70876912B8D,"yes LeBron James: 6+,yes Deandre Ayton: 10+,yes LeBron James: 20+,yes Deandre Ayton: 8+,yes Golden State wins by over 2.5 points,no Over 225.5 points scored",,KXMVECROSSCATEGORY-S202621BCC71F5B2,,active,2026-04-24 02:00:00+00:00,2026-04-24 02:00:00+00:00,,,,
KXMVESPORTSMULTIGAMEEXTENDED-S2026AD8A5B127E6-184A08F9584,"yes Brian Harman,yes Adam Scott,yes Justin Rose,yes Scottie Scheffler",,KXMVESPORTSMULTIGAMEEXTENDED-S2026AD8A5B127E6,,active,2026-05-10 23:00:00+00:00,2026-05-10 23:00:00+00:00,,,,
KXMVESPORTSMULTIGAMEEXTENDED-S20263CF9062B2E8-1387111DEF5,"yes Davion Mitchell: 2+,yes Tyler Herro: 2+,yes Immanuel Quickley: 2+,yes RJ Barrett: 2+,yes Andrew Wiggins: 10+,yes Bam Adebayo: 15+,yes Norman Powell: 15+,yes Tyler Herro: 15+,yes Immanuel Quickley: 10+,yes RJ Barrett: 15+,yes Immanuel Quickley: 2+,yes Jakob Poeltl: 4+,yes RJ Barrett: 2+",,KXMVESPORTSMULTIGAMEEXTENDED-S20263CF9062B2E8,,active,2026-04-23 23:00:00+00:00,2026-04-23 23:00:00+00:00,,,,
KXMVESPORTSMULTIGAMEEXTENDED-S2026A03612BA989-DA08B44AC45,"yes Minnesota,yes Arizona,yes CAR Hurricanes,yes CBJ Blue Jackets,yes COL Avalanche,yes FLA Panthers,yes DAL Stars,yes NSH Predators,yes PHI Flyers,yes PIT Penguins,yes SJ Sharks,yes TB Lightning,yes NYI Islanders,yes LA Kings,yes VGK Golden Knights,yes WPG Jets",,KXMVESPORTSMULTIGAMEEXTENDED-S2026A03612BA989,,active,2026-04-12 14:00:00+00:00,2026-04-12 14:00:00+00:00,,,,
KXMVESPORTSMULTIGAMEEXTENDED-S20261676E2989DF-F50B40C8BAB,"yes COL Avalanche,yes NYI Islanders,yes Over 4.5 goals scored",,KXMVESPORTSMULTIGAMEEXTENDED-S20261676E2989DF,,active,2026-04-24 01:00:00+00:00,2026-04-24 01:00:00+00:00,,,,
KXMVECROSSCATEGORY-S2026D86AEF56C51-A83645E3E54,"yes Bam Adebayo: 20+,yes Immanuel Quickley: 10+,yes Jakob Poeltl: 10+",,KXMVECROSSCATEGORY-S2026D86AEF56C51,,active,2026-04-23 23:00:00+00:00,2026-04-23 23:00:00+00:00,,,,
KXMVESPORTSMULTIGAMEEXTENDED-S2026CA972A481D4-C9FC16BE7C4,"yes Jayson Tatum: 25+,yes Jalen Brunson: 20+,yes Karl-Anthony Towns: 10+",,KXMVESPORTSMULTIGAMEEXTENDED-S2026CA972A481D4,,active,2026-04-23 23:30:00+00:00,2026-04-23 23:30:00+00:00,,,,
KXMVECROSSCATEGORY-S2026FAA0711E1FF-C96A8BB9B5F,"yes Bam Adebayo: 20+,yes Jakob Poeltl: 10+",,KXMVECROSSCATEGORY-S2026FAA0711E1FF,,active,2026-04-23 23:00:00+00:00,2026-04-23 23:00:00+00:00,,,,
KXMVESPORTSMULTIGAMEEXTENDED-S2026E3A72E40EEE-526B1FEFCC6,"yes New York,yes Chicago,yes Toronto,yes Bilal Coulibaly: 10+,yes LeBron James: 15+,no New York wins by over 16.5 points,no Chicago wins by over 15.5 points,no Indiana wins by over 17.5 points,no Toronto wins by over 13.5 points",,KXMVESPORTSMULTIGAMEEXTENDED-S2026E3A72E40EEE,,active,2026-04-23 23:30:00+00:00,2026-04-23 23:30:00+00:00,,,,
KXMVECROSSCATEGORY-S20268D7F8718939-39663731CDC,"yes Tomas Machac,yes Cincinnati,yes New York Y,yes Detroit,yes Arizona,yes Kansas City,yes San Diego,yes New York,yes Miami,yes Philadelphia",,KXMVECROSSCATEGORY-S20268D7F8718939,,active,2026-04-23 10:10:00+00:00,2026-04-23 10:10:00+00:00,,,,
KXMVECROSSCATEGORY-S2026B5CC9D80768-F3FE0597391,"no New York wins by over 19.5 points,no Chicago wins by over 21.5 points,no Brooklyn wins by over 10.5 points,no Los Angeles L wins by over 4.5 points,yes Toronto wins by over 1.5 points,no Houston wins by over 19.5 points",,KXMVECROSSCATEGORY-S2026B5CC9D80768,,active,2026-04-23 23:30:00+00:00,2026-04-23 23:30:00+00:00,,,,
KXMVESPORTSMULTIGAMEEXTENDED-S2026A2CB9328CFA-5C99612AD43,"yes New York Y,yes Detroit,yes San Diego,yes BUF Sabres,yes OTT Senators,yes NYI Islanders,no Detroit wins by over 1.5 goals,no New Jersey wins by over 1.5 goals",,KXMVESPORTSMULTIGAMEEXTENDED-S2026A2CB9328CFA,,active,2026-04-12 14:00:00+00:00,2026-04-12 14:00:00+00:00,,,,
KXMVESPORTSMULTIGAMEEXTENDED-S2026B9A7C1A4202-D4CBC1F1DF0,"yes Miami,yes New York Y,yes San Diego,yes Over 7.5 runs scored,no Over 8.5 runs scored,yes Over 8.5 runs scored,yes Over 7.5 runs scored,no Over 9.5 runs scored,yes Over 7.5 runs scored",,KXMVESPORTSMULTIGAMEEXTENDED-S2026B9A7C1A4202,,active,2026-04-12 14:00:00+00:00,2026-04-12 14:00:00+00:00,,,,
KXMVESPORTSMULTIGAMEEXTENDED-S20260A4D1DA9711-AF1713A8E2E,"yes Hideki Matsuyama,yes Rory McIlroy,yes Tommy Fleetwood,yes Xander Schauffele",,KXMVESPORTSMULTIGAMEEXTENDED-S20260A4D1DA9711,,active,2026-05-10 23:00:00+00:00,2026-05-10 23:00:00+00:00,,,,
KXMVESPORTSMULTIGAMEEXTENDED-S20264629537AD92-2334133E196,"yes Chicago,yes Los Angeles L,yes Houston,yes Draymond Green: 2+,yes LeBron James: 4+,yes Over 231.5 points scored,no Over 240.5 points scored,yes Over 210.5 points scored",,KXMVESPORTSMULTIGAMEEXTENDED-S20264629537AD92,,active,2026-04-23 23:00:00+00:00,2026-04-23 23:00:00+00:00,,,,
KXMVECROSSCATEGORY-S202696679C842EB-D883F99C51C,"yes Cincinnati,yes New York Y,yes Aaron Judge: 2+",,KXMVECROSSCATEGORY-S202696679C842EB,,active,2026-04-12 14:00:00+00:00,2026-04-12 14:00:00+00:00,,,,
KXMVESPORTSMULTIGAMEEXTENDED-S20267149C9E5C1B-FCA4D80A292,"yes New York Y,yes Kansas City,yes New York,yes Golden State,yes Houston,no Over 224.5 points scored",,KXMVESPORTSMULTIGAMEEXTENDED-S20267149C9E5C1B,,active,2026-04-12 14:00:00+00:00,2026-04-12 14:00:00+00:00,,,,
KXMVESPORTSMULTIGAMEEXTENDED-S20267BAEBCADD04-B5E3342447B,"yes Hideki Matsuyama,yes Rory McIlroy,yes Tommy Fleetwood",,KXMVESPORTSMULTIGAMEEXTENDED-S20267BAEBCADD04,,active,2026-05-10 23:00:00+00:00,2026-05-10 23:00:00+00:00,,,,
KXMVESPORTSMULTIGAMEEXTENDED-S2026D1F50C2702B-2F92E8F57F1,"yes New York Y,yes Detroit,yes San Diego,yes BUF Sabres,yes OTT Senators,yes NYI Islanders,no Detroit wins by over 1.5 goals",,KXMVESPORTSMULTIGAMEEXTENDED-S2026D1F50C2702B,,active,2026-04-12 14:00:00+00:00,2026-04-12 14:00:00+00:00,,,,
KXMVECROSSCATEGORY-S20264817DBA2C24-25CC806F926,"no Elly De La Cruz: 3+,no Rhett Lowder: 7+,no Miami wins by over 3.5 runs,no Over 11.5 runs scored",,KXMVECROSSCATEGORY-S20264817DBA2C24,,active,2026-04-12 14:00:00+00:00,2026-04-12 14:00:00+00:00,,,,
KXMVESPORTSMULTIGAMEEXTENDED-S2026514BFEB911D-39EEB8FC3AB,"yes Norman Powell: 1+,yes Bam Adebayo: 2+,yes Tyler Herro: 2+,yes Immanuel Quickley: 4+,yes Bilal Coulibaly: 10+,yes Norman Powell: 15+,yes Jakob Poeltl: 10+,yes Scottie Barnes: 10+,yes Mikal Bridges: 4+,yes Andrew Wiggins: 2+,yes Bam Adebayo: 10+,yes Tyler Herro: 2+,yes RJ Barrett: 2+,yes Scottie Barnes: 6+,no Boston wins by over 2.5 points,yes Chicago wins by over 3.5 points,no Brooklyn wins by over 1.5 points,yes Toronto wins by over 7.5 points,no Over 249.5 points scored,no Over 227.5 points scored",,KXMVESPORTSMULTIGAMEEXTENDED-S2026514BFEB911D,,active,2026-04-23 23:00:00+00:00,2026-04-23 23:00:00+00:00,,,,
KXMVECROSSCATEGORY-S202644DAE53A391-9033A8FAA38,"yes Miami,yes New York Y,yes Kansas City,yes San Diego,yes NYI Islanders",,KXMVECROSSCATEGORY-S202644DAE53A391,,active,2026-04-12 14:00:00+00:00,2026-04-12 14:00:00+00:00,,,,
KXMVESPORTSMULTIGAMEEXTENDED-S202616EF2E8BD83-1458503FA41,"yes Jalen Brunson: 20+,yes Mikal Bridges: 10+,yes Bam Adebayo: 15+,yes Norman Powell: 15+,yes Tyler Herro: 15+,yes Scottie Barnes: 10+",,KXMVESPORTSMULTIGAMEEXTENDED-S202616EF2E8BD83,,active,2026-04-23 23:30:00+00:00,2026-04-23 23:30:00+00:00,,,,
KXMVECROSSCATEGORY-S202621BCC71F5B2-E4923741B17,"yes LeBron James: 6+,yes Deandre Ayton: 10+,yes LeBron James: 20+,yes Deandre Ayton: 8+,yes Golden State wins by over 2.5 points,yes Over 210.5 points scored",,KXMVECROSSCATEGORY-S202621BCC71F5B2,,active,2026-04-24 02:00:00+00:00,2026-04-24 02:00:00+00:00,,,,
KXMVECROSSCATEGORY-S20267DFE343E75B-57B91771A10,"yes New York Y,yes San Diego,yes Over 3.5 runs scored,yes Over 4.5 runs scored,yes Boston,yes Kevin Durant: 20+,no Over 261.5 points scored",,KXMVECROSSCATEGORY-S20267DFE343E75B,,active,2026-04-12 14:00:00+00:00,2026-04-12 14:00:00+00:00,,,,
KXMVECROSSCATEGORY-S2026B5CC9D80768-8BDCC5446C4,"no New York wins by over 19.5 points,no Chicago wins by over 21.5 points,no Brooklyn wins by over 10.5 points,no Los Angeles L wins by over 7.5 points,yes Toronto wins by over 1.5 points,no Houston wins by over 19.5 points",,KXMVECROSSCATEGORY-S2026B5CC9D80768,,active,2026-04-23 23:30:00+00:00,2026-04-23 23:30:00+00:00,,,,
KXMVESPORTSMULTIGAMEEXTENDED-S20264AF03CC5B6E-F6B14777C5B,"yes Valentin Vacherot,yes Bryson DeChambeau",,KXMVESPORTSMULTIGAMEEXTENDED-S20264AF03CC5B6E,,active,2026-04-23 09:00:00+00:00,2026-04-23 09:00:00+00:00,,,,
KXMVESPORTSMULTIGAMEEXTENDED-S202627EAAA082A1-B48BF1AB246,"yes Mikal Bridges: 10+,yes Bam Adebayo: 15+,yes Norman Powell: 15+,yes Tyler Herro: 15+,yes Scottie Barnes: 10+",,KXMVESPORTSMULTIGAMEEXTENDED-S202627EAAA082A1,,active,2026-04-23 23:30:00+00:00,2026-04-23 23:30:00+00:00,,,,
KXMVECROSSCATEGORY-S2026334ADBD5716-AEE2CDF53CC,"yes Alperen Sengun: 6+,yes Los Angeles L,yes Philadelphia,yes LeBron James: 30+,yes Tyrese Maxey: 30+,yes Alperen Sengun: 8+,no Philadelphia wins by over 5.5 points",,KXMVECROSSCATEGORY-S2026334ADBD5716,,active,2026-04-24 00:00:00+00:00,2026-04-24 00:00:00+00:00,,,,
KXMVECROSSCATEGORY-S20265053CC57786-AD06B2B10F0,"yes Casper Ruud,yes Cincinnati,yes New York Y,yes Detroit,yes Arizona,yes Kansas City,yes San Diego,yes New York,yes Miami,yes Philadelphia",,KXMVECROSSCATEGORY-S20265053CC57786,,active,2026-04-23 09:00:00+00:00,2026-04-23 09:00:00+00:00,,,,
KXMVESPORTSMULTIGAMEEXTENDED-S2026DC5AA75DBAD-7693E2C7E63,"yes Davion Mitchell: 2+,yes Immanuel Quickley: 2+,yes RJ Barrett: 2+,yes Andrew Wiggins: 10+,yes Bam Adebayo: 15+,yes Norman Powell: 15+,yes Tyler Herro: 15+,yes Immanuel Quickley: 10+,yes RJ Barrett: 15+,yes Immanuel Quickley: 2+,yes Jakob Poeltl: 4+,yes RJ Barrett: 2+",,KXMVESPORTSMULTIGAMEEXTENDED-S2026DC5AA75DBAD,,active,2026-04-23 23:00:00+00:00,2026-04-23 23:00:00+00:00,,,,
KXMVESPORTSMULTIGAMEEXTENDED-S20267A72A3DA81F-E25800D42BB,"yes Boston,yes Houston,yes Over 214.5 points scored,yes Over 209.5 points scored,yes Over 210.5 points scored",,KXMVESPORTSMULTIGAMEEXTENDED-S20267A72A3DA81F,,active,2026-04-23 23:30:00+00:00,2026-04-23 23:30:00+00:00,,,,
KXMVESPORTSMULTIGAMEEXTENDED-S20265A8E2272F0C-DA52D4010D0,"yes New York Y,yes Detroit,yes San Diego,yes BUF Sabres,yes OTT Senators,yes NYI Islanders",,KXMVESPORTSMULTIGAMEEXTENDED-S20265A8E2272F0C,,active,2026-04-12 14:00:00+00:00,2026-04-12 14:00:00+00:00,,,,
KXMVESPORTSMULTIGAMEEXTENDED-S2026E74C74B7E3D-1C8367CBC72,"yes Chris Gotterup,yes Cameron Young,yes Patrick Cantlay,yes Shane Lowry",,KXMVESPORTSMULTIGAMEEXTENDED-S2026E74C74B7E3D,,active,2026-04-26 23:00:00+00:00,2026-04-26 23:00:00+00:00,,,,
KXMVECROSSCATEGORY-S2026722359C6E75-FE2FD3932BF,"yes Jalen Brunson: 20+,yes LeBron James: 25+",,KXMVECROSSCATEGORY-S2026722359C6E75,,active,2026-04-23 23:30:00+00:00,2026-04-23 23:30:00+00:00,,,,
KXMVESPORTSMULTIGAMEEXTENDED-S2026EA11CA72EBC-74EABD42F0F,"yes Miami,yes San Diego,yes Over 7.5 runs scored,no Over 8.5 runs scored,yes Over 8.5 runs scored,yes Over 7.5 runs scored,no Over 9.5 runs scored,yes Over 7.5 runs scored",,KXMVESPORTSMULTIGAMEEXTENDED-S2026EA11CA72EBC,,active,2026-04-12 14:00:00+00:00,2026-04-12 14:00:00+00:00,,,,
KXMVECROSSCATEGORY-S2026B5CC9D80768-D005C331643,"no New York wins by over 19.5 points,no Chicago wins by over 21.5 points,no Brooklyn wins by over 10.5 points,no Los Angeles L wins by over 10.5 points,yes Toronto wins by over 1.5 points,no Houston wins by over 19.5 points",,KXMVECROSSCATEGORY-S2026B5CC9D80768,,active,2026-04-23 23:30:00+00:00,2026-04-23 23:30:00+00:00,,,,
KXMVECROSSCATEGORY-S202621BCC71F5B2-BE5195E2809,"yes LeBron James: 6+,yes Deandre Ayton: 10+,yes LeBron James: 20+,yes Deandre Ayton: 8+,yes Golden State wins by over 2.5 points,yes Over 213.5 points scored",,KXMVECROSSCATEGORY-S202621BCC71F5B2,,active,2026-04-24 02:00:00+00:00,2026-04-24 02:00:00+00:00,,,,
KXMVESPORTSMULTIGAMEEXTENDED-S2026058E62B8E19-AA436C5EBF4,"yes Jalen Brunson: 2+,yes OG Anunoby: 2+,yes LeBron James: 2+,yes Norman Powell: 2+,yes Tyler Herro: 2+,yes Kevin Durant: 1+,yes Reed Sheppard: 2+,yes Tyrese Maxey: 2+",,KXMVESPORTSMULTIGAMEEXTENDED-S2026058E62B8E19,,active,2026-04-23 23:30:00+00:00,2026-04-23 23:30:00+00:00,,,,
KXMVESPORTSMULTIGAMEEXTENDED-S20261B3DF58EEAF-D6B211D1CAD,"yes Alperen Sengun: 15+,yes Kevin Durant: 20+,yes Joel Embiid: 25+,yes Paul George: 15+",,KXMVESPORTSMULTIGAMEEXTENDED-S20261B3DF58EEAF,,active,2026-04-24 00:00:00+00:00,2026-04-24 00:00:00+00:00,,,,
KXMVESPORTSMULTIGAMEEXTENDED-S2026EA11CA72EBC-04EDE39920A,"yes Miami,yes Colorado,yes Over 7.5 runs scored,no Over 8.5 runs scored,yes Over 8.5 runs scored,yes Over 7.5 runs scored,no Over 9.5 runs scored,yes Over 7.5 runs scored",,KXMVESPORTSMULTIGAMEEXTENDED-S2026EA11CA72EBC,,active,2026-04-12 14:00:00+00:00,2026-04-12 14:00:00+00:00,,,,
KXMVESPORTSMULTIGAMEEXTENDED-S2026EBACB33D252-DD3390BC429,"yes Elly De La Cruz: 1+,yes Aaron Judge: 1+,yes Cody Bellinger: 1+,yes Rhett Lowder: 3+",,KXMVESPORTSMULTIGAMEEXTENDED-S2026EBACB33D252,,active,2026-04-12 14:00:00+00:00,2026-04-12 14:00:00+00:00,,,,
KXMVESPORTSMULTIGAMEEXTENDED-S2026C94A7B91ABA-93D0C7D75F2,"yes Kevin Durant: 1+,yes Reed Sheppard: 1+,yes Tyrese Maxey: 1+,yes Jalen Brunson: 4+,yes Josh Hart: 2+,yes Bub Carrington: 2+,yes Davion Mitchell: 2+,yes Immanuel Quickley: 2+,yes Alperen Sengun: 2+,yes Amen Thompson: 2+,yes Kevin Durant: 2+,yes VJ Edgecombe: 2+,yes Jayson Tatum: 15+,yes Jalen Brunson: 20+,yes Scottie Barnes: 10+,yes Kevin Durant: 20+,yes Tyrese Maxey: 15+,yes Jarace Walker: 2+,yes Andrew Wiggins: 2+,yes RJ Barrett: 2+,yes Scottie Barnes: 4+,yes Kevin Durant: 2+,yes VJ Edgecombe: 2+",,KXMVESPORTSMULTIGAMEEXTENDED-S2026C94A7B91ABA,,active,2026-04-24 00:00:00+00:00,2026-04-24 00:00:00+00:00,,,,
KXMVESPORTSMULTIGAMEEXTENDED-S2026E7A355F9F1F-258F50E3A78,"yes Immanuel Quickley: 2+,yes RJ Barrett: 2+,yes Andrew Wiggins: 10+,yes Bam Adebayo: 15+,yes Norman Powell: 15+,yes Tyler Herro: 15+,yes Immanuel Quickley: 10+,yes RJ Barrett: 15+,yes Immanuel Quickley: 2+,yes Jakob Poeltl: 4+,yes RJ Barrett: 2+",,KXMVESPORTSMULTIGAMEEXTENDED-S2026E7A355F9F1F,,active,2026-04-23 23:00:00+00:00,2026-04-23 23:00:00+00:00,,,,
KXMVESPORTSMULTIGAMEEXTENDED-S2026842B371AD48-F0ED3B4E3BA,"yes Arizona,yes CAR Hurricanes,yes CBJ Blue Jackets,yes COL Avalanche,yes FLA Panthers,yes DAL Stars,yes NSH Predators,yes PHI Flyers,yes PIT Penguins,yes SJ Sharks,yes TB Lightning,yes NYI Islanders,yes LA Kings,yes VGK Golden Knights,yes WPG Jets",,KXMVESPORTSMULTIGAMEEXTENDED-S2026842B371AD48,,active,2026-04-12 14:00:00+00:00,2026-04-12 14:00:00+00:00,,,,
KXMVESPORTSMULTIGAMEEXTENDED-S2026C0B1BFD9DE2-CD656A7DBB0,"no Over 240.5 points scored,no Over 9.5 goals scored",,KXMVESPORTSMULTIGAMEEXTENDED-S2026C0B1BFD9DE2,,active,2026-04-24 00:00:00+00:00,2026-04-24 00:00:00+00:00,,,,
KXMVESPORTSMULTIGAMEEXTENDED-S20266B405658A4F-83C955CAAA4,"yes Elly De La Cruz: 1+,yes Aaron Judge: 1+,yes Rhett Lowder: 3+",,KXMVESPORTSMULTIGAMEEXTENDED-S20266B405658A4F,,active,2026-04-12 14:00:00+00:00,2026-04-12 14:00:00+00:00,,,,
KXMVECROSSCATEGORY-S20264F6053BE0B2-4CA4E30CC84,"no Elly De La Cruz: 3+,no Rhett Lowder: 7+,no Max Meyer: 9+,no Miami wins by over 3.5 runs,no Over 11.5 runs scored",,KXMVECROSSCATEGORY-S20264F6053BE0B2,,active,2026-04-12 14:00:00+00:00,2026-04-12 14:00:00+00:00,,,,
KXMVECROSSCATEGORY-S2026ACD934CA486-ED415E8B52F,"yes Cincinnati,yes New York Y,yes Detroit,yes Arizona,yes Kansas City,yes San Diego,yes New York,yes Miami,yes Philadelphia",,KXMVECROSSCATEGORY-S2026ACD934CA486,,active,2026-04-12 14:00:00+00:00,2026-04-12 14:00:00+00:00,,,,
KXMVESPORTSMULTIGAMEEXTENDED-S20265173CCDD729-CC48088D014,"yes Miami,yes Giancarlo Stanton: 2+,yes Francisco Lindor: 1+,yes Bobby Witt Jr.: 2+",,KXMVESPORTSMULTIGAMEEXTENDED-S20265173CCDD729,,active,2026-04-12 14:00:00+00:00,2026-04-12 14:00:00+00:00,,,,
KXMVESPORTSMULTIGAMEEXTENDED-S20266077BFFCBE5-2D3D7E45F14,"yes Jalen Brunson: 1+,yes Mikal Bridges: 1+,yes Davion Mitchell: 2+,yes Immanuel Quickley: 2+,yes Chicago,yes Toronto,yes Immanuel Quickley: 2+,yes RJ Barrett: 2+",,KXMVESPORTSMULTIGAMEEXTENDED-S20266077BFFCBE5,,active,2026-04-23 23:30:00+00:00,2026-04-23 23:30:00+00:00,,,,
KXMVECROSSCATEGORY-S20264F6053BE0B2-B4D584338BF,"no Elly De La Cruz: 3+,yes Rhett Lowder: 7+,no Max Meyer: 9+,no Miami wins by over 3.5 runs,no Over 11.5 runs scored",,KXMVECROSSCATEGORY-S20264F6053BE0B2,,active,2026-04-12 14:00:00+00:00,2026-04-12 14:00:00+00:00,,,,
KXMVESPORTSMULTIGAMEEXTENDED-S2026CD1E3834464-A9D18974C58,"yes RJ Barrett: 2+,yes Andrew Wiggins: 10+,yes Bam Adebayo: 15+,yes Norman Powell: 15+,yes Tyler Herro: 15+,yes Immanuel Quickley: 10+,yes RJ Barrett: 15+,yes Immanuel Quickley: 2+,yes Jakob Poeltl: 4+,yes RJ Barrett: 2+",,KXMVESPORTSMULTIGAMEEXTENDED-S2026CD1E3834464,,active,2026-04-23 23:00:00+00:00,2026-04-23 23:00:00+00:00,,,,
KXMVESPORTSMULTIGAMEEXTENDED-S2026FC240E9456C-FD63974D61C,"yes New York Y,yes Detroit,yes San Diego,yes OTT Senators,yes NYI Islanders",,KXMVESPORTSMULTIGAMEEXTENDED-S2026FC240E9456C,,active,2026-04-12 14:00:00+00:00,2026-04-12 14:00:00+00:00,,,,
KXMVESPORTSMULTIGAMEEXTENDED-S202619B5B8124E4-40E235DD31D,"yes Jalen Brunson: 1+,yes Tyrese Maxey: 1+,yes LeBron James: 6+,yes Immanuel Quickley: 2+,yes VJ Edgecombe: 2+,yes Jayson Tatum: 15+,yes OG Anunoby: 2+,yes Scottie Barnes: 4+,yes Chicago wins by over 9.5 points,yes Over 226.5 points scored",,KXMVESPORTSMULTIGAMEEXTENDED-S202619B5B8124E4,,active,2026-04-23 23:30:00+00:00,2026-04-23 23:30:00+00:00,,,,
KXMVESPORTSMULTIGAMEEXTENDED-S202638CD25F8088-516E9C46356,"yes Max Meyer: 6+,yes Nolan McLean: 6+",,KXMVESPORTSMULTIGAMEEXTENDED-S202638CD25F8088,,active,2026-04-12 14:00:00+00:00,2026-04-12 14:00:00+00:00,,,,
KXMVECROSSCATEGORY-S2026C30FEA5CD92-FD26757CCF2,"no Over 246.5 points scored,no Over 227.5 points scored",,KXMVECROSSCATEGORY-S2026C30FEA5CD92,,active,2026-04-23 23:00:00+00:00,2026-04-23 23:00:00+00:00,,,,
KXMVESPORTSMULTIGAMEEXTENDED-S20268978B9A695D-C214CBC9091,"yes Kevin Durant: 1+,yes Reed Sheppard: 1+,yes Jalen Brunson: 4+,yes Josh Hart: 2+,yes Bub Carrington: 2+,yes Davion Mitchell: 2+,yes Immanuel Quickley: 2+,yes Alperen Sengun: 2+,yes Amen Thompson: 2+,yes Kevin Durant: 2+,yes VJ Edgecombe: 2+,yes Jayson Tatum: 15+,yes Jalen Brunson: 20+,yes Scottie Barnes: 10+,yes Kevin Durant: 20+,yes Tyrese Maxey: 15+,yes Jarace Walker: 2+,yes Andrew Wiggins: 2+,yes RJ Barrett: 2+,yes Scottie Barnes: 4+,yes Kevin Durant: 2+,yes VJ Edgecombe: 2+",,KXMVESPORTSMULTIGAMEEXTENDED-S20268978B9A695D,,active,2026-04-24 00:00:00+00:00,2026-04-24 00:00:00+00:00,,,,
KXMVESPORTSMULTIGAMEEXTENDED-S20265DD4973435D-6EB6EA33CCE,"yes New York Y,yes Detroit,yes San Diego,yes NYI Islanders",,KXMVESPORTSMULTIGAMEEXTENDED-S20265DD4973435D,,active,2026-04-12 14:00:00+00:00,2026-04-12 14:00:00+00:00,,,,
KXMVECROSSCATEGORY-S2026F1BA6B56E0B-14024FC7DDC,"yes New York,yes Chicago,yes Brooklyn,yes Golden State,yes Toronto,yes Houston,yes Norman Powell: 15+,yes Scottie Barnes: 10+,yes Tyrese Maxey: 15+",,KXMVECROSSCATEGORY-S2026F1BA6B56E0B,,active,2026-04-23 23:30:00+00:00,2026-04-23 23:30:00+00:00,,,,
KXMVECROSSCATEGORY-S2026AA5021BDBDA-52B6D2F444C,"yes Tyler Herro: 1+,yes Norman Powell: 15+,yes Scottie Barnes: 10+,yes Bam Adebayo: 10+,yes Scottie Barnes: 4+",,KXMVECROSSCATEGORY-S2026AA5021BDBDA,,active,2026-04-23 23:00:00+00:00,2026-04-23 23:00:00+00:00,,,,
KXMVECROSSCATEGORY-S20263CD422DD13B-2C79E54B1C8,"yes New York Y,yes San Diego,yes Over 3.5 runs scored,yes Over 4.5 runs scored,yes Boston,no Over 261.5 points scored",,KXMVECROSSCATEGORY-S20263CD422DD13B,,active,2026-04-12 14:00:00+00:00,2026-04-12 14:00:00+00:00,,,,
KXMVECROSSCATEGORY-S202621BCC71F5B2-D34BA6480A8,"yes LeBron James: 6+,yes Deandre Ayton: 10+,yes LeBron James: 20+,yes Deandre Ayton: 8+,yes Golden State wins by over 2.5 points,yes Over 216.5 points scored",,KXMVECROSSCATEGORY-S202621BCC71F5B2,,active,2026-04-24 02:00:00+00:00,2026-04-24 02:00:00+00:00,,,,
KXMVESPORTSMULTIGAMEEXTENDED-S2026D85D9645A57-6FC903DC603,"yes Jalen Brunson: 6+,yes LeBron James: 6+,yes New York,yes Toronto,yes Houston,yes Jayson Tatum: 20+,yes Karl-Anthony Towns: 15+,yes OG Anunoby: 10+,yes LeBron James: 20+,yes RJ Barrett: 15+,yes Amen Thompson: 15+,yes Kevin Durant: 20+,yes Tyrese Maxey: 15+,yes VJ Edgecombe: 10+,yes Jayson Tatum: 8+,yes LeBron James: 6+,yes Joel Embiid: 6+",,KXMVESPORTSMULTIGAMEEXTENDED-S2026D85D9645A57,,active,2026-04-23 23:30:00+00:00,2026-04-23 23:30:00+00:00,,,,
KXMVESPORTSMULTIGAMEEXTENDED-S2026E501A0A970B-0011DB4E2F1,"yes Mikal Bridges: 1+,yes Davion Mitchell: 2+,yes Immanuel Quickley: 2+,yes Chicago,yes Toronto,yes Immanuel Quickley: 2+,yes RJ Barrett: 2+",,KXMVESPORTSMULTIGAMEEXTENDED-S2026E501A0A970B,,active,2026-04-23 23:30:00+00:00,2026-04-23 23:30:00+00:00,,,,
KXMVECROSSCATEGORY-S20264F6053BE0B2-3C00C3617EA,"no Elly De La Cruz: 3+,yes Rhett Lowder: 7+,yes Max Meyer: 9+,no Miami wins by over 3.5 runs,no Over 11.5 runs scored",,KXMVECROSSCATEGORY-S20264F6053BE0B2,,active,2026-04-12 14:00:00+00:00,2026-04-12 14:00:00+00:00,,,,
KXMVECROSSCATEGORY-S20264817DBA2C24-D0B6716A65C,"no Elly De La Cruz: 3+,yes Rhett Lowder: 7+,no Miami wins by over 3.5 runs,no Over 11.5 runs scored",,KXMVECROSSCATEGORY-S20264817DBA2C24,,active,2026-04-12 14:00:00+00:00,2026-04-12 14:00:00+00:00,,,,
KXMVESPORTSMULTIGAMEEXTENDED-S202618EA2720725-717B911F336,"no Over 232.5 points scored,no Over 252.5 points scored,no Over 239.5 points scored,no Over 240.5 points scored,no Over 251.5 points scored,no Over 240.5 points scored",,KXMVESPORTSMULTIGAMEEXTENDED-S202618EA2720725,,active,2026-04-23 23:30:00+00:00,2026-04-23 23:30:00+00:00,,,,
KXMVECROSSCATEGORY-S202610B28E989DF-D5D7FD54237,"yes Jayson Tatum: 2+,yes Jalen Brunson: 4+,yes Bam Adebayo: 2+,yes Immanuel Quickley: 2+,yes Jayson Tatum: 15+,yes Karl-Anthony Towns: 15+,no Over 220.5 points scored",,KXMVECROSSCATEGORY-S202610B28E989DF,,active,2026-04-23 23:30:00+00:00,2026-04-23 23:30:00+00:00,,,,
KXMVECROSSCATEGORY-S2026282661A98C6-DF84911BC9A,"yes Toronto,yes Andrew Wiggins: 10+,yes Bam Adebayo: 15+,yes Davion Mitchell: 10+,yes Immanuel Quickley: 10+,yes Jakob Poeltl: 10+,yes Andrew Wiggins: 2+,yes Norman Powell: 2+,yes Immanuel Quickley: 2+,yes Jakob Poeltl: 4+",,KXMVECROSSCATEGORY-S2026282661A98C6,,active,2026-04-23 23:00:00+00:00,2026-04-23 23:00:00+00:00,,,,
KXMVESPORTSMULTIGAMEEXTENDED-S20268C89672021C-2C8B1BC0AE4,"yes Scottie Barnes: 10+,yes Alperen Sengun: 15+,yes Kevin Durant: 20+,yes Joel Embiid: 25+,yes Paul George: 15+,yes Tyrese Maxey: 20+",,KXMVESPORTSMULTIGAMEEXTENDED-S20268C89672021C,,active,2026-04-23 23:00:00+00:00,2026-04-23 23:00:00+00:00,,,,
KXMVESPORTSMULTIGAMEEXTENDED-S20264EA5B7CB05F-B17D1DA9407,"yes Tyrese Maxey: 15+,yes LeBron James: 4+",,KXMVESPORTSMULTIGAMEEXTENDED-S20264EA5B7CB05F,,active,2026-04-24 00:00:00+00:00,2026-04-24 00:00:00+00:00,,,,
KXMVESPORTSMULTIGAMEEXTENDED-S2026E5B5F8572E1-F134D39712D,"yes Miami,yes Giancarlo Stanton: 2+,yes Francisco Lindor: 1+",,KXMVESPORTSMULTIGAMEEXTENDED-S2026E5B5F8572E1,,active,2026-04-12 14:00:00+00:00,2026-04-12 14:00:00+00:00,,,,
KXMVESPORTSMULTIGAMEEXTENDED-S2026E2672C50711-CADD5168E6D,"yes Bryson DeChambeau,yes Collin Morikawa,yes Jon Rahm,yes Justin Rose,yes Jordan Spieth,yes Ludvig Aberg,yes Matt Fitzpatrick,yes Matthew McCarty,yes Rory McIlroy,yes Scottie Scheffler,yes Tommy Fleetwood,yes Xander Schauffele,yes Scottie Scheffler",,KXMVESPORTSMULTIGAMEEXTENDED-S2026E2672C50711,,active,2026-05-10 23:00:00+00:00,2026-05-10 23:00:00+00:00,,,,
KXMVESPORTSMULTIGAMEEXTENDED-S2026EF7CFA3975C-6634C0FE037,"yes Jakob Poeltl: 2+,yes Jakob Poeltl: 10+,yes Immanuel Quickley: 4+",,KXMVESPORTSMULTIGAMEEXTENDED-S2026EF7CFA3975C,,active,2026-04-23 23:00:00+00:00,2026-04-23 23:00:00+00:00,,,,
KXMVECROSSCATEGORY-S2026B5CC9D80768-650B654003B,"no New York wins by over 19.5 points,no Chicago wins by over 21.5 points,no Brooklyn wins by over 10.5 points,no Golden State wins by over 20.5 points,yes Toronto wins by over 1.5 points,no Houston wins by over 19.5 points",,KXMVECROSSCATEGORY-S2026B5CC9D80768,,active,2026-04-23 23:30:00+00:00,2026-04-23 23:30:00+00:00,,,,
KXMVESPORTSMULTIGAMEEXTENDED-S2026C03DC7B713B-F8BD023D151,"yes Jon Rahm,yes Scottie Scheffler,yes Xander Schauffele,yes Cameron Young,yes Min Woo Lee",,KXMVESPORTSMULTIGAMEEXTENDED-S2026C03DC7B713B,,active,2026-04-27 02:00:00+00:00,2026-04-27 02:00:00+00:00,,,,
KXMVESPORTSMULTIGAMEEXTENDED-S2026B69D660D9D3-A312D3F98CB,"yes New York Y,yes New York M,yes New York,yes Chicago,yes Indiana,yes Toronto",,KXMVESPORTSMULTIGAMEEXTENDED-S2026B69D660D9D3,,active,2026-04-12 14:00:00+00:00,2026-04-12 14:00:00+00:00,,,,
KXMVESPORTSMULTIGAMEEXTENDED-S2026D90E0F1C5A5-FD10779BA79,"yes New York Y,yes New York M,yes Kansas City,yes New York,yes Golden State,yes Houston,no Over 224.5 points scored",,KXMVESPORTSMULTIGAMEEXTENDED-S2026D90E0F1C5A5,,active,2026-04-12 14:00:00+00:00,2026-04-12 14:00:00+00:00,,,,
KXMVESPORTSMULTIGAMEEXTENDED-S2026ABC43CBB084-5E52E085011,"yes Jalen Brunson: 1+,yes Tyrese Maxey: 1+,yes LeBron James: 6+,yes Immanuel Quickley: 2+,yes VJ Edgecombe: 2+,yes Jayson Tatum: 15+,yes OG Anunoby: 2+,yes Scottie Barnes: 4+,yes Over 226.5 points scored",,KXMVESPORTSMULTIGAMEEXTENDED-S2026ABC43CBB084,,active,2026-04-23 23:30:00+00:00,2026-04-23 23:30:00+00:00,,,,
KXMVESPORTSMULTIGAMEEXTENDED-S2026FB214130DF9-60138051956,"yes Jon Rahm,yes Scottie Scheffler,yes Cameron Young,yes Min Woo Lee",,KXMVESPORTSMULTIGAMEEXTENDED-S2026FB214130DF9,,active,2026-04-27 02:00:00+00:00,2026-04-27 02:00:00+00:00,,,,
